use gta;

insert into gta_Roles  values(1,"agent");
insert into gta_Roles  values(2,"manager");
insert into gta_Roles  values(3,"assistante");
insert into gta_Roles  values(4,"admin");

insert into gta_Utilisateurs (idUtilisateur,   nomUtilisateur,   mailUtilisateur ,   matriculeUtilisateur ,   passwordUtilisateur ,    idRole ) values(1,"admin","admin@afpa.fr","Admin",md5(md5("Admin")),4);

insert into gta_Conversions  values(null,1,"0.15");
insert into gta_Conversions  values(null,2,"0.3");
insert into gta_Conversions  values(null,3,"0.4");
insert into gta_Conversions  values(null,4,"0.5");
insert into gta_Conversions  values(null,5,"0.6");
insert into gta_Conversions  values(null,6,"0.8");
insert into gta_Conversions  values(null,7,"0.9");
insert into gta_Conversions  values(null,8,"1");

insert into gta_Fermetures values(null,"2023-05-19");

insert into gta_Activites values(1,"Absences");
insert into gta_Activites values(2,"Production");
insert into gta_Activites values(3,"Service Public");
insert into gta_Activites values(4,"Fca");
insert into gta_Activites values(5,"Fcta");
insert into gta_Activites values(6,"Fcta Spe");
insert into gta_Activites values(7,"Mnsp");

insert into gta_TypePrestations (numeroTypePrestation,libelleTypePrestation,motifRequis,uoRequis,projetRequis) values(1,"Absences",0,0,0);
insert into gta_TypePrestations (numeroTypePrestation,libelleTypePrestation,motifRequis,uoRequis,projetRequis) values(2,"Activité De Production",0,1,1);
insert into gta_TypePrestations (numeroTypePrestation,libelleTypePrestation,motifRequis,uoRequis,projetRequis) values(3,"Missions Nationales De Service Public",0,1,1);
insert into gta_TypePrestations (numeroTypePrestation,libelleTypePrestation,motifRequis,uoRequis,projetRequis) values(4,"Perfectionnement",1,0,1);
insert into gta_TypePrestations (numeroTypePrestation,libelleTypePrestation,motifRequis,uoRequis,projetRequis) values(5,"Mandat",1,1,0);
insert into gta_TypePrestations (numeroTypePrestation,libelleTypePrestation,motifRequis,uoRequis,projetRequis) values(6,"Autres Activités De Support",0,1,1);

insert into gta_ActivitesParTypes (idTypePrestation,idActivite) values(1,1);
insert into gta_ActivitesParTypes (idTypePrestation,idActivite) values(2,1);
insert into gta_ActivitesParTypes (idTypePrestation,idActivite) values(2,2);
insert into gta_ActivitesParTypes (idTypePrestation,idActivite) values(3,6);
insert into gta_ActivitesParTypes (idTypePrestation,idActivite) values(4,1);
insert into gta_ActivitesParTypes (idTypePrestation,idActivite) values(4,2);
insert into gta_ActivitesParTypes (idTypePrestation,idActivite) values(4,3);
insert into gta_ActivitesParTypes (idTypePrestation,idActivite) values(4,4);
insert into gta_ActivitesParTypes (idTypePrestation,idActivite) values(4,5);
insert into gta_ActivitesParTypes (idTypePrestation,idActivite) values(5,4);
insert into gta_ActivitesParTypes (idTypePrestation,idActivite) values(6,2);
insert into gta_ActivitesParTypes (idTypePrestation,idActivite) values(6,3);
insert into gta_ActivitesParTypes (idTypePrestation,idActivite) values(6,4);



insert into gta_Centres (idCentre, numeroCentre,nomCentre) values(1,"02011","Laon");
insert into gta_Centres (idCentre, numeroCentre,nomCentre) values(2,"59010","Douai Cantin");
insert into gta_Centres (idCentre, numeroCentre,nomCentre) values(3,"59011","Dunkerque");
insert into gta_Centres (idCentre, numeroCentre,nomCentre) values(4,"59012","Maubeuge Rousies");
insert into gta_Centres (idCentre, numeroCentre,nomCentre) values(5,"59013","Roubaix");
insert into gta_Centres (idCentre, numeroCentre,nomCentre) values(6,"59014","Valenciennes Sentinelle");
insert into gta_Centres (idCentre, numeroCentre,nomCentre) values(7,"59015","Lille Lomme");
insert into gta_Centres (idCentre, numeroCentre,nomCentre) values(8,"59016","Hazebrouck");
insert into gta_Centres (idCentre, numeroCentre,nomCentre) values(9,"59017","Wattrelos");
insert into gta_Centres (idCentre, numeroCentre,nomCentre) values(10,"59018","Cambrai");
insert into gta_Centres (idCentre, numeroCentre,nomCentre) values(11,"60010","Beauvais");
insert into gta_Centres (idCentre, numeroCentre,nomCentre) values(12,"60011","Compiègne");
insert into gta_Centres (idCentre, numeroCentre,nomCentre) values(13,"60012","Creil");
insert into gta_Centres (idCentre, numeroCentre,nomCentre) values(14,"62011","Berck sur Mer");
insert into gta_Centres (idCentre, numeroCentre,nomCentre) values(15,"62012","Calais");
insert into gta_Centres (idCentre, numeroCentre,nomCentre) values(16,"62014","Liévin");
insert into gta_Centres (idCentre, numeroCentre,nomCentre) values(17,"62016","Boulogne sur Mer");
insert into gta_Centres (idCentre, numeroCentre,nomCentre) values(18,"62018","Arras");
insert into gta_Centres (idCentre, numeroCentre,nomCentre) values(19,"80010","Amiens");
insert into gta_Centres (idCentre, numeroCentre,nomCentre) values(20,"59000","59000");
insert into gta_Centres (idCentre, numeroCentre,nomCentre) values(21,"97015","97015");



insert into gta_UOs (idUO,numeroUO,libelleUO) values(1,101,"Horticulture Paysage");
insert into gta_UOs (idUO,numeroUO,libelleUO) values(2,102,"Maçonnerie Gros Œuvre");
insert into gta_UOs (idUO,numeroUO,libelleUO) values(3,103,"Maitrise de chantier Gros œuvre");
insert into gta_UOs (idUO,numeroUO,libelleUO) values(4,104,"Métiers du béton");
insert into gta_UOs (idUO,numeroUO,libelleUO) values(5,106,"Entretien du bâtiment");
insert into gta_UOs (idUO,numeroUO,libelleUO) values(6,107,"Technicien travaux Bâtiment");
insert into gta_UOs (idUO,numeroUO,libelleUO) values(7,108,"Equipement Génie climatique");
insert into gta_UOs (idUO,numeroUO,libelleUO) values(8,109,"Maintenance Génie climatique");
insert into gta_UOs (idUO,numeroUO,libelleUO) values(9,111,"Aménagements finitions   niveau V");
insert into gta_UOs (idUO,numeroUO,libelleUO) values(10,112,"Aménagements finitions   niveau IV et III");
insert into gta_UOs (idUO,numeroUO,libelleUO) values(11,114,"Voiries réseaux divers");
insert into gta_UOs (idUO,numeroUO,libelleUO) values(12,116,"Conduite engins de chantier");
insert into gta_UOs (idUO,numeroUO,libelleUO) values(13,117,"Réseaux électriques et de communication");
insert into gta_UOs (idUO,numeroUO,libelleUO) values(14,118,"Aluminium Verre");
insert into gta_UOs (idUO,numeroUO,libelleUO) values(15,119,"Métallerie Constructions métalliques");
insert into gta_UOs (idUO,numeroUO,libelleUO) values(16,122,"Travail du bois");
insert into gta_UOs (idUO,numeroUO,libelleUO) values(17,124,"Equipement électrique");
insert into gta_UOs (idUO,numeroUO,libelleUO) values(18,126,"Chaudronnerie tuyautage");
insert into gta_UOs (idUO,numeroUO,libelleUO) values(19,128,"Soudage et contrôle");
insert into gta_UOs (idUO,numeroUO,libelleUO) values(20,132,"Etudes Méthodes et Qualité");
insert into gta_UOs (idUO,numeroUO,libelleUO) values(21,133,"Aéronautique");
insert into gta_UOs (idUO,numeroUO,libelleUO) values(22,134,"Usinage Montage Outillage");
insert into gta_UOs (idUO,numeroUO,libelleUO) values(23,136,"Production industrielle");
insert into gta_UOs (idUO,numeroUO,libelleUO) values(24,139,"Electronique Automatismes");
insert into gta_UOs (idUO,numeroUO,libelleUO) values(25,141,"Froid Climatisation");
insert into gta_UOs (idUO,numeroUO,libelleUO) values(26,144,"Maintenance industrielle");
insert into gta_UOs (idUO,numeroUO,libelleUO) values(27,145,"Maintenance équipements électriques");
insert into gta_UOs (idUO,numeroUO,libelleUO) values(28,150,"Chimie");
insert into gta_UOs (idUO,numeroUO,libelleUO) values(29,152,"Environnement");
insert into gta_UOs (idUO,numeroUO,libelleUO) values(30,153,"Plasturgie Procédés automatisés");
insert into gta_UOs (idUO,numeroUO,libelleUO) values(31,159,"Secrétariat");
insert into gta_UOs (idUO,numeroUO,libelleUO) values(32,160,"Comptabilité Gestion");
insert into gta_UOs (idUO,numeroUO,libelleUO) values(33,161,"Relation clients à distance");
insert into gta_UOs (idUO,numeroUO,libelleUO) values(34,162,"Fonction commerciale");
insert into gta_UOs (idUO,numeroUO,libelleUO) values(35,163,"Distribution");
insert into gta_UOs (idUO,numeroUO,libelleUO) values(36,164,"Informatique Télécomm");
insert into gta_UOs (idUO,numeroUO,libelleUO) values(37,165,"Tourisme et loisirs");
insert into gta_UOs (idUO,numeroUO,libelleUO) values(38,166,"Hôtellerie Restauration");
insert into gta_UOs (idUO,numeroUO,libelleUO) values(39,167,"Arts graphiques");
insert into gta_UOs (idUO,numeroUO,libelleUO) values(40,169,"Carrosserie peinture");
insert into gta_UOs (idUO,numeroUO,libelleUO) values(41,170,"Réparation véhicules légers");
insert into gta_UOs (idUO,numeroUO,libelleUO) values(42,171,"Réparation véhicules lourds");
insert into gta_UOs (idUO,numeroUO,libelleUO) values(43,173,"Conduite routière");
insert into gta_UOs (idUO,numeroUO,libelleUO) values(44,174,"Entreposage Magasinage");
insert into gta_UOs (idUO,numeroUO,libelleUO) values(45,175,"Logistique");
insert into gta_UOs (idUO,numeroUO,libelleUO) values(46,176,"Services aux particuliers");
insert into gta_UOs (idUO,numeroUO,libelleUO) values(47,177,"Services aux entreprises et collectivités");
insert into gta_UOs (idUO,numeroUO,libelleUO) values(48,178,"Insertion Formation");
insert into gta_UOs (idUO,numeroUO,libelleUO) values(49,179,"Prépro");
insert into gta_UOs (idUO,numeroUO,libelleUO) values(50,180,"Préinsertion");
insert into gta_UOs (idUO,numeroUO,libelleUO) values(51,190,"Plateformes de Services (EAD)");
insert into gta_UOs (idUO,numeroUO,libelleUO) values(52,191,"Sécurisation des parcours");
insert into gta_UOs (idUO,numeroUO,libelleUO) values(53,192,"Conseil en formation");
insert into gta_UOs (idUO,numeroUO,libelleUO) values(54,901,"Gestion administrative (dont Direction)");
insert into gta_UOs (idUO,numeroUO,libelleUO) values(55,902,"CSP Comptabilité");
insert into gta_UOs (idUO,numeroUO,libelleUO) values(56,903,"Contrôle de gestion et ADV");
insert into gta_UOs (idUO,numeroUO,libelleUO) values(57,904,"Ressources humaines");
insert into gta_UOs (idUO,numeroUO,libelleUO) values(58,905,"Communication");
insert into gta_UOs (idUO,numeroUO,libelleUO) values(59,906,"Déploiement SI");
insert into gta_UOs (idUO,numeroUO,libelleUO) values(60,907,"Achat");
insert into gta_UOs (idUO,numeroUO,libelleUO) values(61,908,"Commercial");
insert into gta_UOs (idUO,numeroUO,libelleUO) values(62,909,"Développement service public et accompagnement");
insert into gta_UOs (idUO,numeroUO,libelleUO) values(63,910,"Patrimoine");
insert into gta_UOs (idUO,numeroUO,libelleUO) values(64,911,"Energie - Fluide");
insert into gta_UOs (idUO,numeroUO,libelleUO) values(65,912,"Exploitation");
insert into gta_UOs (idUO,numeroUO,libelleUO) values(66,914,"Services et moyens généraux");
insert into gta_UOs (idUO,numeroUO,libelleUO) values(67,188,"188");
insert into gta_UOs (idUO,numeroUO,libelleUO) values(68,014,"014");



insert into gta_Motifs (codeMotif,libelleMotif,idTypePrestation) Values (21,"Tps réunion IRP",4);
insert into gta_Motifs (codeMotif,libelleMotif,idTypePrestation) Values (22,"Heures/décharges IRP",4);
insert into gta_Motifs (codeMotif,libelleMotif,idTypePrestation) Values (23,"Délégué syndical",4);
insert into gta_Motifs (codeMotif,libelleMotif,idTypePrestation) Values (24,"Heures/décharges syndicales",4);
insert into gta_Motifs (codeMotif,libelleMotif,idTypePrestation) Values (25,"Temps de réunion syndical",4);
insert into gta_Motifs (codeMotif,libelleMotif,idTypePrestation) Values (26,"Autres motifs syndicaux",4);
insert into gta_Motifs (codeMotif,libelleMotif,idTypePrestation) Values (27,"Mandats externes",4);
insert into gta_Motifs (codeMotif,libelleMotif,idTypePrestation) Values (31,"perfectionnement : formation initiale",3);
insert into gta_Motifs (codeMotif,libelleMotif,idTypePrestation) Values (32,"perfectionnement : formation continue",3);
insert into gta_Motifs (codeMotif,libelleMotif,idTypePrestation) Values (33,"perfectionnement : autre",3);


insert into gta_Prestations (idPrestation,codePrestation,libellePrestation,idActivite) values(1,"ABS","Absences Hors RTT",1);

insert into gta_Prestations (idPrestation,codePrestation,libellePrestation,idActivite) values(2,"Z04","1.1 secrétariat des instances",7);
insert into gta_Prestations (idPrestation,codePrestation,libellePrestation,idActivite) values(3,"Z04","1.2 Gestion des Documents et Archives de la Formation Professionnelle",7);
insert into gta_Prestations (idPrestation,codePrestation,libellePrestation,idActivite) values(4,"Z04","1.3.1 Campagne d'appels visant de nouveaux membres de jurys",7);
insert into gta_Prestations (idPrestation,codePrestation,libellePrestation,idActivite) values(5,"Z04","1.3.2 Analyse du système de jurys de professionnels",7);
insert into gta_Prestations (idPrestation,codePrestation,libellePrestation,idActivite) values(6,"Z04","1.3.3 Réalisation d'outils de professionnalisation et de promotion",7);
insert into gta_Prestations (idPrestation,codePrestation,libellePrestation,idActivite) values(7,"C05","1,3,4, PIJ & PJP -  Professionnalisation initiale des futurs jurys et mise à jour de la professionnalisation de membres de jurys déjà inscrits sur la base CERES",7);
insert into gta_Prestations (idPrestation,codePrestation,libellePrestation,idActivite) values(8,"C06","1,3,4, Bis PIJ & PJP -  Professionnalisation initiale des futurs jurys et mise à jour de la professionnalisation de membres de jurys déjà inscrits sur la base CERES",7);
insert into gta_Prestations (idPrestation,codePrestation,libellePrestation,idActivite) values(9,"C05","1,3,5, IHJ  - Instruction technique des demandes d'habilitation de jurys pour le compte des UT et sur leur demande",7);
insert into gta_Prestations (idPrestation,codePrestation,libellePrestation,idActivite) values(10,"C06","1,3,5, Bis IHJ  - Instruction technique des demandes d'habilitation de jurys pour le compte des UT et sur leur demande",7);
insert into gta_Prestations (idPrestation,codePrestation,libellePrestation,idActivite) values(11,"Z04","1.3.6 Pilotage national et régional des actions liées aux jurys",7);
insert into gta_Prestations (idPrestation,codePrestation,libellePrestation,idActivite) values(12,"ccxx","1.4.1 Présentation aux sessions d'examen pour les candidats de l'AFPA ",7);
insert into gta_Prestations (idPrestation,codePrestation,libellePrestation,idActivite) values(13,"C04","1,4,2, PTV - Préparation au Titre pour les candidats VAE et les candidats accueillis pour le compte de tiers dans le cadre de la charte",7);
insert into gta_Prestations (idPrestation,codePrestation,libellePrestation,idActivite) values(14,"ccxx","1.4.3 Présentation aux sessions d'examen pour le compte de tiers dans le cadre de la charte",7);
insert into gta_Prestations (idPrestation,codePrestation,libellePrestation,idActivite) values(15,"Z04","1.4.4 Unité de gestion des épreuves de validation",7);
insert into gta_Prestations (idPrestation,codePrestation,libellePrestation,idActivite) values(16,"C06","1.4.5 Présentation RSFP ",7);
insert into gta_Prestations (idPrestation,codePrestation,libellePrestation,idActivite) values(17,"Z05","1.4.6 Transferts de plateaux de certification et maintien en conformité avec les Référentiels d’évaluation.",7);
insert into gta_Prestations (idPrestation,codePrestation,libellePrestation,idActivite) values(18,"IN01","1.5.1 Information – communication sur les évolutions des titres ou filières",7);
insert into gta_Prestations (idPrestation,codePrestation,libellePrestation,idActivite) values(19,"IN01","1.5.2 Appui technique aux DIRECCTE/UD  et aux  centres agréés",7);
insert into gta_Prestations (idPrestation,codePrestation,libellePrestation,idActivite) values(20,"IN01","1.5.3 Appui au déploiement du dispositif RSFP dans les régions",7);
insert into gta_Prestations (idPrestation,codePrestation,libellePrestation,idActivite) values(21,"IN01","1.5.4 Missions et sujétions de service public incombant à l’EPIC Afpa en tant qu’organisme de certification de référence de la politique du titre professionnel ",7);
insert into gta_Prestations (idPrestation,codePrestation,libellePrestation,idActivite) values(22,"C03","1,6,1, PDA - Sessions d'information collectives de présentation des titres professionnels dans le cadre d'une VAE",7);
insert into gta_Prestations (idPrestation,codePrestation,libellePrestation,idActivite) values(23,"C01","1,6,2, ITV & POV -  Instruction technique des dossiers de validation des acquis de l'expérience et positionnement candidats VAE",7);
insert into gta_Prestations (idPrestation,codePrestation,libellePrestation,idActivite) values(24,"IN01","1.6.3 Appui à l'ingénierie de la VAE",7);
insert into gta_Prestations (idPrestation,codePrestation,libellePrestation,idActivite) values(25,"C06","1.6.3 BIS Accompagnement réussite partielle VAE",7);
insert into gta_Prestations (idPrestation,codePrestation,libellePrestation,idActivite) values(26,"C04","1.6.4 Certification relative aux compétences acquises dans l’exercice d’un mandat de représentant du personnel ou d’un mandat syndical - Accompagnement",7);
insert into gta_Prestations (idPrestation,codePrestation,libellePrestation,idActivite) values(27,"IN04","1.6.4 Certification relative aux compétences acquises dans l’exercice d’un mandat de représentant du personnel ou d’un mandat syndical - Ingénierie",7);
insert into gta_Prestations (idPrestation,codePrestation,libellePrestation,idActivite) values(28,"CCXX","1.6.4 Certification relative aux compétences acquises dans l’exercice d’un mandat de représentant du personnel ou d’un mandat syndical - Session certification",7);
insert into gta_Prestations (idPrestation,codePrestation,libellePrestation,idActivite) values(29,"C04","1.6.5 Certification Maître d'Apprentissage - Accompagnement",7);
insert into gta_Prestations (idPrestation,codePrestation,libellePrestation,idActivite) values(30,"IN04","1.6.5 Certification Maître d'Apprentissage  - Ingénierie",7);
insert into gta_Prestations (idPrestation,codePrestation,libellePrestation,idActivite) values(31,"CCxx","1.6.5 Certification Maître d'Apprentissage - session certification",7);
insert into gta_Prestations (idPrestation,codePrestation,libellePrestation,idActivite) values(32,"Z04","1.7 Enquêtes de placement dans l'emploi et enquêtes de satisfaction des stagiaires",7);
insert into gta_Prestations (idPrestation,codePrestation,libellePrestation,idActivite) values(33,"IN01","1.8 Etudes- Ingénierie de certification pour le compte du ministère de l’emploi",7);
insert into gta_Prestations (idPrestation,codePrestation,libellePrestation,idActivite) values(34,"IN04","1.9 Appui aux missions de coopération internationale de la France dans le champ du travail, de l'emploi et de la certification professionnelle ",7);
insert into gta_Prestations (idPrestation,codePrestation,libellePrestation,idActivite) values(35,"IN04","1.10 Appui aux politiques de l’Etat dans les DROM COM",7);
insert into gta_Prestations (idPrestation,codePrestation,libellePrestation,idActivite) values(36,"Z04","1.11.1.1 Mission 1 : Parchemins, Livrets de certification, CCS",7);
insert into gta_Prestations (idPrestation,codePrestation,libellePrestation,idActivite) values(37,"Z04","1.11.2 Mission 1 : Notification équivalences",7);
insert into gta_Prestations (idPrestation,codePrestation,libellePrestation,idActivite) values(38,"IN04","2.1 Programme R&D - Métiers d'avenir",7);
insert into gta_Prestations (idPrestation,codePrestation,libellePrestation,idActivite) values(39,"Z04","2.1 Programme R&D - Métiers d'avenir",7);
insert into gta_Prestations (idPrestation,codePrestation,libellePrestation,idActivite) values(40,"IN04","2,1,1, Politique RSE",7);
insert into gta_Prestations (idPrestation,codePrestation,libellePrestation,idActivite) values(41,"IN04","2.2.1. Projets incubateurs - Pilotage",7);
insert into gta_Prestations (idPrestation,codePrestation,libellePrestation,idActivite) values(42,"IN04","2.2.10 Incubateur Développeur Intégrateur en Informatique Industrielle (D3I)",7);
insert into gta_Prestations (idPrestation,codePrestation,libellePrestation,idActivite) values(43,"IN04","2.2.12 Incubateur Monteur en Tuyauterie et chaudronnerie sur site industriel sensible",7);
insert into gta_Prestations (idPrestation,codePrestation,libellePrestation,idActivite) values(44,"IN04","2.2.13 Incubateur Agent de Comissionnement du Bâtiment",7);
insert into gta_Prestations (idPrestation,codePrestation,libellePrestation,idActivite) values(45,"IN04","2.2.14 Incubateur Chaudronnerie-Tuyauterie-Soudage- Adaptation Hydrogène et énergie",7);
insert into gta_Prestations (idPrestation,codePrestation,libellePrestation,idActivite) values(46,"IN04","2.2.15 Incubateur Technicien de maintenance industrielle colorisée Hydrogène",7);
insert into gta_Prestations (idPrestation,codePrestation,libellePrestation,idActivite) values(47,"IN04","2.2.16 Incubateur Pilote d'installation Hydrogène",7);
insert into gta_Prestations (idPrestation,codePrestation,libellePrestation,idActivite) values(48,"IN04","2.2.17 Incubateur Monteur mécanicien  véhicules lourds hydrogène ",7);
insert into gta_Prestations (idPrestation,codePrestation,libellePrestation,idActivite) values(49,"IN04","2.2.18 Incubateur Rétrofit : électrifier un véhicule thermique pour réduire les polluants atmosphériques",7);
insert into gta_Prestations (idPrestation,codePrestation,libellePrestation,idActivite) values(50,"IN04","2.2.19 Incubateur Technicien des dispositifs d'assistance respiratoire à domicile ",7);
insert into gta_Prestations (idPrestation,codePrestation,libellePrestation,idActivite) values(51,"IN04","2.2.20 Incubateur Réparateur outdoor",7);
insert into gta_Prestations (idPrestation,codePrestation,libellePrestation,idActivite) values(52,"IN04","2.2.21 Incubateur Animateur Artistique",7);
insert into gta_Prestations (idPrestation,codePrestation,libellePrestation,idActivite) values(53,"IN04","2.2.23 Incubateur Concepteur Médiatiseur Pédagogique",7);
insert into gta_Prestations (idPrestation,codePrestation,libellePrestation,idActivite) values(54,"IN04","2.2.24 Incubateur Concepteur de Technologie immersive",7);
insert into gta_Prestations (idPrestation,codePrestation,libellePrestation,idActivite) values(55,"IN04","3.1 Ingénierie - Expertise nationale au service de l’anticipation et le développement de l’emploi",7);
insert into gta_Prestations (idPrestation,codePrestation,libellePrestation,idActivite) values(56,"Z04","3.1 Pilotage - Expertise nationale au service de l’anticipation et le développement de l’emploi",7);
insert into gta_Prestations (idPrestation,codePrestation,libellePrestation,idActivite) values(57,"IN04","3.2  Ingénierie - Expertise prospective et anticipation des évolutions du marché de l’emploi et des compétences au service des territoires",7);
insert into gta_Prestations (idPrestation,codePrestation,libellePrestation,idActivite) values(58,"Z04","3.2 Pilotage - Expertise prospective et anticipation des évolutions du marché de l’emploi et des compétences au service des territoires",7);
insert into gta_Prestations (idPrestation,codePrestation,libellePrestation,idActivite) values(59,"IN04","4.1 Services d'appui aux acteurs du CEP",7);
insert into gta_Prestations (idPrestation,codePrestation,libellePrestation,idActivite) values(60,"OR05","Declic Atelier 1: découverte métiers",7);
insert into gta_Prestations (idPrestation,codePrestation,libellePrestation,idActivite) values(61,"OR05","DECLIC Atelier 1bis: découverte métier pour les non francophones",7);
insert into gta_Prestations (idPrestation,codePrestation,libellePrestation,idActivite) values(62,"OR05","Declic Atelier 2: Construire son projet professionnel",7);
insert into gta_Prestations (idPrestation,codePrestation,libellePrestation,idActivite) values(63,"OR05","DECLIC Atelier 2 bis Construire son projet professionnel pour les non francophones",7);
insert into gta_Prestations (idPrestation,codePrestation,libellePrestation,idActivite) values(64,"OR05","Declic Atelier 3: Développer ses capacités et ses ressources",7);
insert into gta_Prestations (idPrestation,codePrestation,libellePrestation,idActivite) values(65,"OR05","Declic Atelier 4: Repérer ses savoirs de base",7);
insert into gta_Prestations (idPrestation,codePrestation,libellePrestation,idActivite) values(66,"OR05","Declic Atelier 5 : s'approprier les outils du numérique de mon futur métier",7);
insert into gta_Prestations (idPrestation,codePrestation,libellePrestation,idActivite) values(67,"OR05","Declic Atelier 6 : Objectif code de la route",7);
insert into gta_Prestations (idPrestation,codePrestation,libellePrestation,idActivite) values(68,"OR05","Declic Atelier 6 bis : Objectif code de la route pour non francophones",7);
insert into gta_Prestations (idPrestation,codePrestation,libellePrestation,idActivite) values(69,"AS6","Declic Animation vie collective et citoyenneté",7);
insert into gta_Prestations (idPrestation,codePrestation,libellePrestation,idActivite) values(70,"Z04","Declic Pilotage & Coordination dispositif",7);
insert into gta_Prestations (idPrestation,codePrestation,libellePrestation,idActivite) values(71,"H01","Déclic Hébergeement",7);
insert into gta_Prestations (idPrestation,codePrestation,libellePrestation,idActivite) values(72,"H02","Déclic Restauration",7);
insert into gta_Prestations (idPrestation,codePrestation,libellePrestation,idActivite) values(73,"IN04"," Declic Ingénierie et pilotage du dispositif",7);
insert into gta_Prestations (idPrestation,codePrestation,libellePrestation,idActivite) values(74,"Z04"," Declic Evaluation triennale du dispositif",7);
insert into gta_Prestations (idPrestation,codePrestation,libellePrestation,idActivite) values(75,"IN04","4.2.2 Appui à l'insertion professionnelle des personnes résidant dans les quartiers prioritaires de la politique de la ville - Ingénierie",7);
insert into gta_Prestations (idPrestation,codePrestation,libellePrestation,idActivite) values(76,"Z04","4.2.2 Agir dans les quartiers - Appui à l'insertion professionnelle des personnes résidant dans les quartiers prioritaires de la politique de la ville - Autres MNSP",7);
insert into gta_Prestations (idPrestation,codePrestation,libellePrestation,idActivite) values(77,"IN04","4.2.3 Développer la mixité professionnelle Ingénierie",7);
insert into gta_Prestations (idPrestation,codePrestation,libellePrestation,idActivite) values(78,"OR05","4.2.3 Développer la mixité professionnelle Autres prestations",7);
insert into gta_Prestations (idPrestation,codePrestation,libellePrestation,idActivite) values(79,"Z04","4.2.3 Reconduire « les Trophées de la mixité 2022 »",7);
insert into gta_Prestations (idPrestation,codePrestation,libellePrestation,idActivite) values(80,"IN04","4.2.4 Travail, Handicap et Formation Professionnelle - Ingénierie",7);
insert into gta_Prestations (idPrestation,codePrestation,libellePrestation,idActivite) values(81,"OR05","4.2.4 Travail, Handicap et Formation Professionnelle - Autres prestations",7);
insert into gta_Prestations (idPrestation,codePrestation,libellePrestation,idActivite) values(82,"IN04","4.2.4. Bis Ingénierie public sénior",7);
insert into gta_Prestations (idPrestation,codePrestation,libellePrestation,idActivite) values(83,"AS6","HOPE  Accompagnement intégration HOPE Gisèle Halimi",7);
insert into gta_Prestations (idPrestation,codePrestation,libellePrestation,idActivite) values(84,"AS6","HOPE  Accompagnement intégration HOPE Promotion 2022 Josephine Baker",7);
insert into gta_Prestations (idPrestation,codePrestation,libellePrestation,idActivite) values(85,"AS6","HOPE  Accompagnement intégration HOPE Promotion 2023",7);
insert into gta_Prestations (idPrestation,codePrestation,libellePrestation,idActivite) values(86,"IN04","4.3Appui à l'ingénierie de projets territoriaux favorisant l'accès à l'emploi et la à qualification des demandeurs d'emploi et des personnes en parcours d'insertion - Ingénierie",7);
insert into gta_Prestations (idPrestation,codePrestation,libellePrestation,idActivite) values(87,"Z04","4.3 Appui à l'ingénierie de projets territoriaux favorisant l'accès à l'emploi et la à qualification des demandeurs d'emploi et des personnes en parcours d'insertion - Pilotage",7);
insert into gta_Prestations (idPrestation,codePrestation,libellePrestation,idActivite) values(88,"Z04","5 Pilotage et suivi national du plan d’actions 2023 déployé dans le cadre de l’exécution des missions de service public",7);
insert into gta_Prestations (idPrestation,codePrestation,libellePrestation,idActivite) values(89,"Z04","EPIC PREPA COMP  Pilotage et animation du dispostif ",7);
insert into gta_Prestations (idPrestation,codePrestation,libellePrestation,idActivite) values(90,"OR05","EPIC PREPA COMP  Atelier 1",7);
insert into gta_Prestations (idPrestation,codePrestation,libellePrestation,idActivite) values(91,"OR05","EPIC PREPA COMP  Atelier 2 ",7);
insert into gta_Prestations (idPrestation,codePrestation,libellePrestation,idActivite) values(92,"OR05","EPIC PREPA COMP  Atelier 3",7);
insert into gta_Prestations (idPrestation,codePrestation,libellePrestation,idActivite) values(93,"OR05","EPIC PREPA COMP  Atelier 4 ",7);
insert into gta_Prestations (idPrestation,codePrestation,libellePrestation,idActivite) values(94,"OR05","EPIC PREPA COMP  Atelier 5 ",7);
insert into gta_Prestations (idPrestation,codePrestation,libellePrestation,idActivite) values(95,"OR05","EPIC PREPA COMP  Atelier 6 ",7);
insert into gta_Prestations (idPrestation,codePrestation,libellePrestation,idActivite) values(96,"OR05","EPIC PREPA COMP Atelier 7 Club PREPA",7);
insert into gta_Prestations (idPrestation,codePrestation,libellePrestation,idActivite) values(97,"OR05","EPIC PREPA COMP  Atelier 8 CPF",7);
insert into gta_Prestations (idPrestation,codePrestation,libellePrestation,idActivite) values(98,"OR05","EPIC PREPA COMP  Atelier 9 : Se construire un Territoire facilitant ",7);
insert into gta_Prestations (idPrestation,codePrestation,libellePrestation,idActivite) values(99,"OR05","EPIC PREPA COMP Atelier 10 : Cartographier ses compétences",7);
insert into gta_Prestations (idPrestation,codePrestation,libellePrestation,idActivite) values(100,"OR05","EPIC PREPA COMP  Suivis individuels par les référents de parcours",7);
insert into gta_Prestations (idPrestation,codePrestation,libellePrestation,idActivite) values(101,"Z04","PREPA COMP  Perfectionnement des acteurs",7);
insert into gta_Prestations (idPrestation,codePrestation,libellePrestation,idActivite) values(102,"IN04","PREPA COMP  Prestations d'ingénierie",7);
insert into gta_Prestations (idPrestation,codePrestation,libellePrestation,idActivite) values(103,"FP39","2.2.10 Incubateur Développeur Intégrateur en Informatique Industrielle (D3I)-Formation",7);
insert into gta_Prestations (idPrestation,codePrestation,libellePrestation,idActivite) values(104,"FP26","2.2.12 Incubateur Monteur en Tuyauterie et chaudronnerie sur site industriel sensible-Formation",7);
insert into gta_Prestations (idPrestation,codePrestation,libellePrestation,idActivite) values(105,"FP07","2.2.13 Incubateur Agent de Comissionnement du Bâtiment-Formation",7);
insert into gta_Prestations (idPrestation,codePrestation,libellePrestation,idActivite) values(106,"FP26","2.2.14 Incubateur Chaudronnerie-Tuyauterie-Soudage- Adaptation Hydrogène et énergie-Formation",7);
insert into gta_Prestations (idPrestation,codePrestation,libellePrestation,idActivite) values(107,"FP44","2.2.15 Incubateur Technicien de maintenance industrielle colorisée Hydrogène-Formation",7);
insert into gta_Prestations (idPrestation,codePrestation,libellePrestation,idActivite) values(108,"FP50","2.2.16 Incubateur Pilote d'installation Hydrogène-Formation",7);
insert into gta_Prestations (idPrestation,codePrestation,libellePrestation,idActivite) values(109,"FP70","2.2.17 Incubateur Monteur mécanicien  véhicules lourds hydrogène -Formation",7);
insert into gta_Prestations (idPrestation,codePrestation,libellePrestation,idActivite) values(110,"FP70","2.2.18 Incubateur Rétrofit : électrifier un véhicule thermique pour réduire les polluants atmosphériques-Formation",7);
insert into gta_Prestations (idPrestation,codePrestation,libellePrestation,idActivite) values(111,"FP45","2.2.19 Incubateur Technicien des dispositifs d'assistance respiratoire à domicile -Formation",7);
insert into gta_Prestations (idPrestation,codePrestation,libellePrestation,idActivite) values(112,"FP70","2.2.20 Incubateur Réparateur outdoor-Formation",7);
insert into gta_Prestations (idPrestation,codePrestation,libellePrestation,idActivite) values(113,"FP65","2.2.21 Incubateur Animateur Artistique-Formation",7);
insert into gta_Prestations (idPrestation,codePrestation,libellePrestation,idActivite) values(114,"FP78","2.2.23 Incubateur Concepteur Médiatiseur Pédagogique-Formation",7);
insert into gta_Prestations (idPrestation,codePrestation,libellePrestation,idActivite) values(115,"FP78","2.2.24 Incubateur Concepteur de Technologie immersive-Formation",7);
insert into gta_Prestations (idPrestation,codePrestation,libellePrestation,idActivite) values(116,"Z04","2.2.10 Incubateur Développeur Intégrateur en Informatique Industrielle (D3I)-Autres MNSP",7);
insert into gta_Prestations (idPrestation,codePrestation,libellePrestation,idActivite) values(117,"Z04","2.2.12 Incubateur Monteur en Tuyauterie et chaudronnerie sur site industriel sensible-Autres MNSP",7);
insert into gta_Prestations (idPrestation,codePrestation,libellePrestation,idActivite) values(118,"Z04","2.2.13 Incubateur Agent de Comissionnement du Bâtiment-Autres MNSP",7);
insert into gta_Prestations (idPrestation,codePrestation,libellePrestation,idActivite) values(119,"Z04","2.2.14 Incubateur Chaudronnerie-Tuyauterie-Soudage- Adaptation Hydrogène et énergie-Autres MNSP",7);
insert into gta_Prestations (idPrestation,codePrestation,libellePrestation,idActivite) values(120,"Z04","2.2.15 Incubateur Technicien de maintenance industrielle colorisée Hydrogène-Autres MNSP",7);
insert into gta_Prestations (idPrestation,codePrestation,libellePrestation,idActivite) values(121,"Z04","2.2.16 Incubateur Pilote d'installation Hydrogène-Autres MNSP",7);
insert into gta_Prestations (idPrestation,codePrestation,libellePrestation,idActivite) values(122,"Z04","2.2.17 Incubateur Monteur mécanicien  véhicules lourds hydrogène -Autres MNSP",7);
insert into gta_Prestations (idPrestation,codePrestation,libellePrestation,idActivite) values(123,"Z04","2.2.18 Incubateur Rétrofit : électrifier un véhicule thermique pour réduire les polluants atmosphériques-Autres MNSP",7);
insert into gta_Prestations (idPrestation,codePrestation,libellePrestation,idActivite) values(124,"Z04","2.2.19 Incubateur Technicien des dispositifs d'assistance respiratoire à domicile -Autres MNSP",7);
insert into gta_Prestations (idPrestation,codePrestation,libellePrestation,idActivite) values(125,"Z04","2.2.20 Incubateur Réparateur outdoor-Autres MNSP",7);
insert into gta_Prestations (idPrestation,codePrestation,libellePrestation,idActivite) values(126,"Z04","2.2.21 Incubateur Animateur Artistique-Autres MNSP",7);
insert into gta_Prestations (idPrestation,codePrestation,libellePrestation,idActivite) values(127,"Z04","2.2.23 Incubateur Concepteur Médiatiseur Pédagogique-Autres MNSP",7);
insert into gta_Prestations (idPrestation,codePrestation,libellePrestation,idActivite) values(128,"Z04","2.2.24 Incubateur Concepteur de Technologie immersive-Autres MNSP",7);
insert into gta_Prestations (idPrestation,codePrestation,libellePrestation,idActivite) values(129,"H02","2.2.10 Incubateur Développeur Intégrateur en Informatique Industrielle (D3I)-Restauration",7);
insert into gta_Prestations (idPrestation,codePrestation,libellePrestation,idActivite) values(130,"H02","2.2.12 Incubateur Monteur en Tuyauterie et chaudronnerie sur site industriel sensible-Restauration",7);
insert into gta_Prestations (idPrestation,codePrestation,libellePrestation,idActivite) values(131,"H02","2.2.13 Incubateur Agent de Comissionnement du Bâtiment-Restauration",7);
insert into gta_Prestations (idPrestation,codePrestation,libellePrestation,idActivite) values(132,"H02","2.2.14 Incubateur Chaudronnerie-Tuyauterie-Soudage- Adaptation Hydrogène et énergie-Restauration",7);
insert into gta_Prestations (idPrestation,codePrestation,libellePrestation,idActivite) values(133,"H02","2.2.15 Incubateur Technicien de maintenance industrielle colorisée Hydrogène-Restauration",7);
insert into gta_Prestations (idPrestation,codePrestation,libellePrestation,idActivite) values(134,"H02","2.2.16 Incubateur Pilote d'installation Hydrogène-Restauration",7);
insert into gta_Prestations (idPrestation,codePrestation,libellePrestation,idActivite) values(135,"H02","2.2.17 Incubateur Monteur mécanicien  véhicules lourds hydrogène -Restauration",7);
insert into gta_Prestations (idPrestation,codePrestation,libellePrestation,idActivite) values(136,"H02","2.2.18 Incubateur Rétrofit : électrifier un véhicule thermique pour réduire les polluants atmosphériques-Restauration",7);
insert into gta_Prestations (idPrestation,codePrestation,libellePrestation,idActivite) values(137,"H02","2.2.19 Incubateur Technicien des dispositifs d'assistance respiratoire à domicile -Restauration",7);
insert into gta_Prestations (idPrestation,codePrestation,libellePrestation,idActivite) values(138,"H02","2.2.20 Incubateur Réparateur outdoor-Restauration",7);
insert into gta_Prestations (idPrestation,codePrestation,libellePrestation,idActivite) values(139,"H02","2.2.21 Incubateur Animateur Artistique-Restauration",7);
insert into gta_Prestations (idPrestation,codePrestation,libellePrestation,idActivite) values(140,"H02","2.2.23 Incubateur Concepteur Médiatiseur Pédagogique-Restauration",7);
insert into gta_Prestations (idPrestation,codePrestation,libellePrestation,idActivite) values(141,"H02","2.2.24 Incubateur Concepteur de Technologie immersive-Restauration",7);
insert into gta_Prestations (idPrestation,codePrestation,libellePrestation,idActivite) values(142,"H01","2.2.10 Incubateur Développeur Intégrateur en Informatique Industrielle (D3I)-hébergement",7);
insert into gta_Prestations (idPrestation,codePrestation,libellePrestation,idActivite) values(143,"H01","2.2.12 Incubateur Monteur en Tuyauterie et chaudronnerie sur site industriel sensible-hébergement",7);
insert into gta_Prestations (idPrestation,codePrestation,libellePrestation,idActivite) values(144,"H01","2.2.13 Incubateur Agent de Comissionnement du Bâtiment-hébergement",7);
insert into gta_Prestations (idPrestation,codePrestation,libellePrestation,idActivite) values(145,"H01","2.2.14 Incubateur Chaudronnerie-Tuyauterie-Soudage- Adaptation Hydrogène et énergie-hébergement",7);
insert into gta_Prestations (idPrestation,codePrestation,libellePrestation,idActivite) values(146,"H01","2.2.15 Incubateur Technicien de maintenance industrielle colorisée Hydrogène-hébergement",7);
insert into gta_Prestations (idPrestation,codePrestation,libellePrestation,idActivite) values(147,"H01","2.2.16 Incubateur Pilote d'installation Hydrogène-hébergement",7);
insert into gta_Prestations (idPrestation,codePrestation,libellePrestation,idActivite) values(148,"H01","2.2.17 Incubateur Monteur mécanicien  véhicules lourds hydrogène -hébergement",7);
insert into gta_Prestations (idPrestation,codePrestation,libellePrestation,idActivite) values(149,"H01","2.2.18 Incubateur Rétrofit : électrifier un véhicule thermique pour réduire les polluants atmosphériques-hébergement",7);
insert into gta_Prestations (idPrestation,codePrestation,libellePrestation,idActivite) values(150,"H01","2.2.19 Incubateur Technicien des dispositifs d'assistance respiratoire à domicile -hébergement",7);
insert into gta_Prestations (idPrestation,codePrestation,libellePrestation,idActivite) values(151,"H01","2.2.20 Incubateur Réparateur outdoor-hébergement",7);
insert into gta_Prestations (idPrestation,codePrestation,libellePrestation,idActivite) values(152,"H01","2.2.21 Incubateur Animateur Artistique-hébergement",7);
insert into gta_Prestations (idPrestation,codePrestation,libellePrestation,idActivite) values(153,"H01","2.2.23 Incubateur Concepteur Médiatiseur Pédagogique-hébergement",7);
insert into gta_Prestations (idPrestation,codePrestation,libellePrestation,idActivite) values(154,"H01","2.2.24 Incubateur Concepteur de Technologie immersive-hébergement",7);
insert into gta_Prestations (idPrestation,codePrestation,libellePrestation,idActivite) values(155,"FD00","2.2.10 Incubateur Développeur Intégrateur en Informatique Industrielle (D3I)-A distance",7);
insert into gta_Prestations (idPrestation,codePrestation,libellePrestation,idActivite) values(156,"FD00","2.2.12 Incubateur Monteur en Tuyauterie et chaudronnerie sur site industriel sensible-A distance",7);
insert into gta_Prestations (idPrestation,codePrestation,libellePrestation,idActivite) values(157,"FD00","2.2.13 Incubateur Agent de Comissionnement du Bâtiment-A distance",7);
insert into gta_Prestations (idPrestation,codePrestation,libellePrestation,idActivite) values(158,"FD00","2.2.14 Incubateur Chaudronnerie-Tuyauterie-Soudage- Adaptation Hydrogène et énergie-A distance",7);
insert into gta_Prestations (idPrestation,codePrestation,libellePrestation,idActivite) values(159,"FD00","2.2.15 Incubateur Technicien de maintenance industrielle colorisée Hydrogène-A distance",7);
insert into gta_Prestations (idPrestation,codePrestation,libellePrestation,idActivite) values(160,"FD00","2.2.16 Incubateur Pilote d'installation Hydrogène-A distance",7);
insert into gta_Prestations (idPrestation,codePrestation,libellePrestation,idActivite) values(161,"FD00","2.2.17 Incubateur Monteur mécanicien  véhicules lourds hydrogène -A distance",7);
insert into gta_Prestations (idPrestation,codePrestation,libellePrestation,idActivite) values(162,"FD00","2.2.18 Incubateur Rétrofit : électrifier un véhicule thermique pour réduire les polluants atmosphériques-A distance",7);
insert into gta_Prestations (idPrestation,codePrestation,libellePrestation,idActivite) values(163,"FD00","2.2.19 Incubateur Technicien des dispositifs d'assistance respiratoire à domicile -A distance",7);
insert into gta_Prestations (idPrestation,codePrestation,libellePrestation,idActivite) values(164,"FD00","2.2.20 Incubateur Réparateur outdoor-A distance",7);
insert into gta_Prestations (idPrestation,codePrestation,libellePrestation,idActivite) values(165,"FD00","2.2.21 Incubateur Animateur Artistique-A distance",7);
insert into gta_Prestations (idPrestation,codePrestation,libellePrestation,idActivite) values(166,"FD00","2.2.23 Incubateur Concepteur Médiatiseur Pédagogique-A distance",7);
insert into gta_Prestations (idPrestation,codePrestation,libellePrestation,idActivite) values(167,"FD00","2.2.24 Incubateur Concepteur de Technologie immersive-A distance",7);
insert into gta_Prestations (idPrestation,codePrestation,libellePrestation,idActivite) values(168,"OR05","2.2.10 Incubateur Développeur Intégrateur en Informatique Industrielle (D3I)-Orientation",7);
insert into gta_Prestations (idPrestation,codePrestation,libellePrestation,idActivite) values(169,"OR05","2.2.12 Incubateur Monteur en Tuyauterie et chaudronnerie sur site industriel sensible-Orientation",7);
insert into gta_Prestations (idPrestation,codePrestation,libellePrestation,idActivite) values(170,"OR05","2.2.13 Incubateur Agent de Comissionnement du Bâtiment-Orientation",7);
insert into gta_Prestations (idPrestation,codePrestation,libellePrestation,idActivite) values(171,"OR05","2.2.14 Incubateur Chaudronnerie-Tuyauterie-Soudage- Adaptation Hydrogène et énergie-Orientation",7);
insert into gta_Prestations (idPrestation,codePrestation,libellePrestation,idActivite) values(172,"OR05","2.2.15 Incubateur Technicien de maintenance industrielle colorisée Hydrogène-Orientation",7);
insert into gta_Prestations (idPrestation,codePrestation,libellePrestation,idActivite) values(173,"OR05","2.2.16 Incubateur Pilote d'installation Hydrogène-Orientation",7);
insert into gta_Prestations (idPrestation,codePrestation,libellePrestation,idActivite) values(174,"OR05","2.2.17 Incubateur Monteur mécanicien  véhicules lourds hydrogène -Orientation",7);
insert into gta_Prestations (idPrestation,codePrestation,libellePrestation,idActivite) values(175,"OR05","2.2.18 Incubateur Rétrofit : électrifier un véhicule thermique pour réduire les polluants atmosphériques-Orientation",7);
insert into gta_Prestations (idPrestation,codePrestation,libellePrestation,idActivite) values(176,"OR05","2.2.19 Incubateur Technicien des dispositifs d'assistance respiratoire à domicile -Orientation",7);
insert into gta_Prestations (idPrestation,codePrestation,libellePrestation,idActivite) values(177,"OR05","2.2.20 Incubateur Réparateur outdoor-Orientation",7);
insert into gta_Prestations (idPrestation,codePrestation,libellePrestation,idActivite) values(178,"OR05","2.2.21 Incubateur Animateur Artistique-Orientation",7);
insert into gta_Prestations (idPrestation,codePrestation,libellePrestation,idActivite) values(179,"OR05","2.2.23 Incubateur Concepteur Médiatiseur Pédagogique-Orientation",7);
insert into gta_Prestations (idPrestation,codePrestation,libellePrestation,idActivite) values(180,"OR05","2.2.24 Incubateur Concepteur de Technologie immersive-Orientation",7);
insert into gta_Prestations (idPrestation,codePrestation,libellePrestation,idActivite) values(181,"AS04","2.2.10 Incubateur Développeur Intégrateur en Informatique Industrielle (D3I)-S4",7);
insert into gta_Prestations (idPrestation,codePrestation,libellePrestation,idActivite) values(182,"AS04","2.2.12 Incubateur Monteur en Tuyauterie et chaudronnerie sur site industriel sensible-S4",7);
insert into gta_Prestations (idPrestation,codePrestation,libellePrestation,idActivite) values(183,"AS04","2.2.13 Incubateur Agent de Comissionnement du Bâtiment-S4",7);
insert into gta_Prestations (idPrestation,codePrestation,libellePrestation,idActivite) values(184,"AS04","2.2.14 Incubateur Chaudronnerie-Tuyauterie-Soudage- Adaptation Hydrogène et énergie-S4",7);
insert into gta_Prestations (idPrestation,codePrestation,libellePrestation,idActivite) values(185,"AS04","2.2.15 Incubateur Technicien de maintenance industrielle colorisée Hydrogène-S4",7);
insert into gta_Prestations (idPrestation,codePrestation,libellePrestation,idActivite) values(186,"AS04","2.2.16 Incubateur Pilote d'installation Hydrogène-S4",7);
insert into gta_Prestations (idPrestation,codePrestation,libellePrestation,idActivite) values(187,"AS04","2.2.17 Incubateur Monteur mécanicien  véhicules lourds hydrogène -S4",7);
insert into gta_Prestations (idPrestation,codePrestation,libellePrestation,idActivite) values(188,"AS04","2.2.18 Incubateur Rétrofit : électrifier un véhicule thermique pour réduire les polluants atmosphériques-S4",7);
insert into gta_Prestations (idPrestation,codePrestation,libellePrestation,idActivite) values(189,"AS04","2.2.19 Incubateur Technicien des dispositifs d'assistance respiratoire à domicile -S4",7);
insert into gta_Prestations (idPrestation,codePrestation,libellePrestation,idActivite) values(190,"AS04","2.2.20 Incubateur Réparateur outdoor-S4",7);
insert into gta_Prestations (idPrestation,codePrestation,libellePrestation,idActivite) values(191,"AS04","2.2.21 Incubateur Animateur Artistique-S4",7);
insert into gta_Prestations (idPrestation,codePrestation,libellePrestation,idActivite) values(192,"AS04","2.2.23 Incubateur Concepteur Médiatiseur Pédagogique-S4",7);
insert into gta_Prestations (idPrestation,codePrestation,libellePrestation,idActivite) values(193,"AS04","2.2.24 Incubateur Concepteur de Technologie immersive-S4",7);
insert into gta_Prestations (idPrestation,codePrestation,libellePrestation,idActivite) values(194,"Z06","Promo 16-18 Coordination - Pilotage - admin",7);
insert into gta_Prestations (idPrestation,codePrestation,libellePrestation,idActivite) values(195,"AS8","Promo 16-18 Accompagnement - Engagement",7);
insert into gta_Prestations (idPrestation,codePrestation,libellePrestation,idActivite) values(196,"AS8","Promo 16-18 Accompagnement - Réflexion",7);
insert into gta_Prestations (idPrestation,codePrestation,libellePrestation,idActivite) values(197,"AS8","Promo 16-18 Accompagnement - Initiation",7);
insert into gta_Prestations (idPrestation,codePrestation,libellePrestation,idActivite) values(198,"AS8","Promo 16-18 Accompagnement - Construction",7);
insert into gta_Prestations (idPrestation,codePrestation,libellePrestation,idActivite) values(199,"AS8","Promo 16-18 Accompagnement - Préparation",7);
insert into gta_Prestations (idPrestation,codePrestation,libellePrestation,idActivite) values(200,"AS8","Promo 16-18 Accompagnement - Choix",7);
insert into gta_Prestations (idPrestation,codePrestation,libellePrestation,idActivite) values(201,"Z06","Promo 16-18 Orientation - Sourcing",7);
insert into gta_Prestations (idPrestation,codePrestation,libellePrestation,idActivite) values(202,"Z06","Promo 16-18 Surveillance - Initiation",7);
insert into gta_Prestations (idPrestation,codePrestation,libellePrestation,idActivite) values(203,"Z06","Promo 16-18 Surveillance - Construction",7);
insert into gta_Prestations (idPrestation,codePrestation,libellePrestation,idActivite) values(204,"AS9","Promo 16-18 Animation - Initiation",7);
insert into gta_Prestations (idPrestation,codePrestation,libellePrestation,idActivite) values(205,"AS9","Promo 16-18 Animation - Construction",7);
insert into gta_Prestations (idPrestation,codePrestation,libellePrestation,idActivite) values(206,"Z06","Promo 16-18 Déplacement - Initiation",7);
insert into gta_Prestations (idPrestation,codePrestation,libellePrestation,idActivite) values(207,"Z06","Promo 16-18 Déplacement - Construction",7);
insert into gta_Prestations (idPrestation,codePrestation,libellePrestation,idActivite) values(208,"IN06","Promo 16-18 Ingénierie",7);
insert into gta_Prestations (idPrestation,codePrestation,libellePrestation,idActivite) values(209,"AS8","Promo 16-18 Formation initiale",7);
insert into gta_Prestations (idPrestation,codePrestation,libellePrestation,idActivite) values(210,"Z04","AAE  PREPA COMP Pilotage et Ingénierie",7);
insert into gta_Prestations (idPrestation,codePrestation,libellePrestation,idActivite) values(211,"OR05","AAE  PREPA COMP Atelier 1 confirmation de projet",7);
insert into gta_Prestations (idPrestation,codePrestation,libellePrestation,idActivite) values(212,"OR05","AAE  PREPA COMP Atelier 2 Découverte des métiers",7);
insert into gta_Prestations (idPrestation,codePrestation,libellePrestation,idActivite) values(213,"OR05","AAE PREPA COMP Atelier 3 Compétences numériques",7);
insert into gta_Prestations (idPrestation,codePrestation,libellePrestation,idActivite) values(214,"OR05","AAE PREPA COMP  Atelier 4 Compétences de base métiers",7);
insert into gta_Prestations (idPrestation,codePrestation,libellePrestation,idActivite) values(215,"OR05","AAE PREPA COMP Atelier 5 Développer ses compétences à conduire son projet dans la durée",7);
insert into gta_Prestations (idPrestation,codePrestation,libellePrestation,idActivite) values(216,"OR05","AAE PREPA COMP Atelier 6 Plan de qualification personnalisé",7);
insert into gta_Prestations (idPrestation,codePrestation,libellePrestation,idActivite) values(217,"OR05","AAE PREPA COMP  Atelier 7 Club PREPA",7);
insert into gta_Prestations (idPrestation,codePrestation,libellePrestation,idActivite) values(218,"OR05","AAE PREPA COMP  Atelier 8 CPF",7);
insert into gta_Prestations (idPrestation,codePrestation,libellePrestation,idActivite) values(219,"OR05","AAE PREPA COMP  Atelier 9 : Se construire un Territoire facilitant ",7);
insert into gta_Prestations (idPrestation,codePrestation,libellePrestation,idActivite) values(220,"OR05","AAE PREPA COMP  Atelier 10 : Cartographier ses compétences",7);
insert into gta_Prestations (idPrestation,codePrestation,libellePrestation,idActivite) values(221,"OR05","AAE PREPA COMP Prestations de suivi accompagnement (référent parcours)",7);
insert into gta_Prestations (idPrestation,codePrestation,libellePrestation,idActivite) values(222,"Z04","VAE PEC Coordination et management du dispositif",7);
insert into gta_Prestations (idPrestation,codePrestation,libellePrestation,idActivite) values(223,"Z04","VAE PEC Appui administratif ",7);
insert into gta_Prestations (idPrestation,codePrestation,libellePrestation,idActivite) values(224,"C06","VAE PEC  ETAPE 1 - ETAPE2- ETAPE 3 - ETAPE 4",7);
insert into gta_Prestations (idPrestation,codePrestation,libellePrestation,idActivite) values(225,"C07","VAE PEC ETAPE 5 - ITV",7);
insert into gta_Prestations (idPrestation,codePrestation,libellePrestation,idActivite) values(226,"C04","VAE PEC ETAPE 5- PTV",7);
insert into gta_Prestations (idPrestation,codePrestation,libellePrestation,idActivite) values(227,"C06","VAE PEC ETAPE 5 - ITR RSFP",7);
insert into gta_Prestations (idPrestation,codePrestation,libellePrestation,idActivite) values(228,"C06","VAE PEC ETAPE 5- PSF RSFP",7);
insert into gta_Prestations (idPrestation,codePrestation,libellePrestation,idActivite) values(229,"OR04","VAE PEC ETAPE 5 - CLEA CEF",7);
insert into gta_Prestations (idPrestation,codePrestation,libellePrestation,idActivite) values(230,"C06","VAE Prim Arriv Coordination et management du dispositif ",7);
insert into gta_Prestations (idPrestation,codePrestation,libellePrestation,idActivite) values(231,"C06","VAE Prim Arriv Appui administratif ",7);
insert into gta_Prestations (idPrestation,codePrestation,libellePrestation,idActivite) values(232,"C06","VAE Prim Arriv INFO COLLECTIVE",7);
insert into gta_Prestations (idPrestation,codePrestation,libellePrestation,idActivite) values(233,"C06","VAE Prim Arriv Appui certif - 1ER RDV",7);
insert into gta_Prestations (idPrestation,codePrestation,libellePrestation,idActivite) values(234,"C07","VAE Prim Arriv ITV -  2EME RDV ",7);
insert into gta_Prestations (idPrestation,codePrestation,libellePrestation,idActivite) values(235,"C06","VAE Prim Arriv 4 ateliers d'accompagenement et preparation à la session",7);
insert into gta_Prestations (idPrestation,codePrestation,libellePrestation,idActivite) values(236,"C04","VAE Prim Arriv PTV Préparation à la sessio d'évaluation",7);
insert into gta_Prestations (idPrestation,codePrestation,libellePrestation,idActivite) values(237,"C06","VAE Prim Arriv Appui à la certf. Démarche RSFP ",7);
insert into gta_Prestations (idPrestation,codePrestation,libellePrestation,idActivite) values(238,"C06","VAE Prim Arriv ITR Instruction technique RSFP",7);
insert into gta_Prestations (idPrestation,codePrestation,libellePrestation,idActivite) values(239,"C06","VAE Prim Arriv PSF Préparation à la session d'évaluation",7);

insert into gta_Prestations (codePrestation,libellePrestation,idActivite) values("AS3","S3 - Accomp. psycho-pédagogique",2);
insert into gta_Prestations (codePrestation,libellePrestation,idActivite) values("AS4","S4 - Accomp. vers et dans l’emploi",2);
insert into gta_Prestations (codePrestation,libellePrestation,idActivite) values("AS5","S5 - Accomp. médical",2);
insert into gta_Prestations (codePrestation,libellePrestation,idActivite) values("AS6","S6 - Accomp. socio-éducatif",2);
insert into gta_Prestations (codePrestation,libellePrestation,idActivite) values("AS7","S7 - Accomp. des transitions professionnelles",2);
insert into gta_Prestations (codePrestation,libellePrestation,idActivite) values("C02","Accompagnement VAE (SAVAE)",2);
insert into gta_Prestations (codePrestation,libellePrestation,idActivite) values("CC01","Titres 101 - Horticulture - Paysages",2);
insert into gta_Prestations (codePrestation,libellePrestation,idActivite) values("CC02","Titres 102 - Maçonnerie Gros œuvre",2);
insert into gta_Prestations (codePrestation,libellePrestation,idActivite) values("CC03","Titres 103 - Maitrise de chantier Gros œuvre",2);
insert into gta_Prestations (codePrestation,libellePrestation,idActivite) values("CC04","Titres 104 - Métiers du béton",2);
insert into gta_Prestations (codePrestation,libellePrestation,idActivite) values("CC06","Titres 106 - Entretien du bâtiment",2);
insert into gta_Prestations (codePrestation,libellePrestation,idActivite) values("CC07","Titres 107 - Technicien en conduite de travaux bâtiment et travaux publics",2);
insert into gta_Prestations (codePrestation,libellePrestation,idActivite) values("CC08","Titres 108 - Equipement Génie climatique",2);
insert into gta_Prestations (codePrestation,libellePrestation,idActivite) values("CC09","Titres 109 - Maintenance Génie climatique",2);
insert into gta_Prestations (codePrestation,libellePrestation,idActivite) values("CC11","Titres 111 - Aménagements finitions niveau V",2);
insert into gta_Prestations (codePrestation,libellePrestation,idActivite) values("CC12","Titres 112 - Aménagements finitions niveau IV et III",2);
insert into gta_Prestations (codePrestation,libellePrestation,idActivite) values("CC14","Titres 114 - Voierie et Réseaux Divers (VRD) niveau V et IV",2);
insert into gta_Prestations (codePrestation,libellePrestation,idActivite) values("CC15","Titres 115 - Techniciens géomètres et maîtrise de chantier Travaux Publics",2);
insert into gta_Prestations (codePrestation,libellePrestation,idActivite) values("CC16","Titres 116 - Conducteurs d'engins de chantier",2);
insert into gta_Prestations (codePrestation,libellePrestation,idActivite) values("CC17","Titres 117 - Réseaux électriques et de communication",2);
insert into gta_Prestations (codePrestation,libellePrestation,idActivite) values("CC18","Titres 118 - Aluminium Verre",2);
insert into gta_Prestations (codePrestation,libellePrestation,idActivite) values("CC19","Titres 119 - Métallerie et constructions métalliques",2);
insert into gta_Prestations (codePrestation,libellePrestation,idActivite) values("CC22","Titres 122 - Travail du bois niveau V, IV ",2);
insert into gta_Prestations (codePrestation,libellePrestation,idActivite) values("CC24","Titres 124 - Equipement Electrique",2);
insert into gta_Prestations (codePrestation,libellePrestation,idActivite) values("CC26","Titres 126 - Chaudronnerie et tuyautage",2);
insert into gta_Prestations (codePrestation,libellePrestation,idActivite) values("CC28","Titres 128 - Soudage et contrôle",2);
insert into gta_Prestations (codePrestation,libellePrestation,idActivite) values("CC30","Titres 130 - Fonderie",2);
insert into gta_Prestations (codePrestation,libellePrestation,idActivite) values("CC32","Titres 132 - Etudes - méthodes - Qualité",2);
insert into gta_Prestations (codePrestation,libellePrestation,idActivite) values("CC33","Titres 133 - Aéronautique",2);
insert into gta_Prestations (codePrestation,libellePrestation,idActivite) values("CC34","Titres 134 - Usinage montage outillage",2);
insert into gta_Prestations (codePrestation,libellePrestation,idActivite) values("CC36","Titres 136 - Production industrielle",2);
insert into gta_Prestations (codePrestation,libellePrestation,idActivite) values("CC39","Titres 139 - Electronique automatismes",2);
insert into gta_Prestations (codePrestation,libellePrestation,idActivite) values("CC41","Titres 141 - Froid climatisation niveau V - IV et III",2);
insert into gta_Prestations (codePrestation,libellePrestation,idActivite) values("CC44","Titres 144 - Maintenance industrielle",2);
insert into gta_Prestations (codePrestation,libellePrestation,idActivite) values("CC45","Titres 145 - Maintenance des biens d'équipements électroniques",2);
insert into gta_Prestations (codePrestation,libellePrestation,idActivite) values("CC46","Titres 146 - Métiers de l'habillement et du cuir",2);
insert into gta_Prestations (codePrestation,libellePrestation,idActivite) values("CC48","Titres 148 - Artisanat et services cuir, ameublement et pressing",2);
insert into gta_Prestations (codePrestation,libellePrestation,idActivite) values("CC50","Titres 150 - Chimie",2);
insert into gta_Prestations (codePrestation,libellePrestation,idActivite) values("CC52","Titres 152 - Métiers de l'environnement",2);
insert into gta_Prestations (codePrestation,libellePrestation,idActivite) values("CC53","Titres 153 - Plasturgie processus automatisé",2);
insert into gta_Prestations (codePrestation,libellePrestation,idActivite) values("CC54","Titres 154 - Plasturgie compétences manuelles",2);
insert into gta_Prestations (codePrestation,libellePrestation,idActivite) values("CC55","Titres 155 - Aménagement et réparation mécanique maritime",2);
insert into gta_Prestations (codePrestation,libellePrestation,idActivite) values("CC59","Titres 159 - Secrétariat Assistanat",2);
insert into gta_Prestations (codePrestation,libellePrestation,idActivite) values("CC60","Titres 160 - Comptabilité Gestion",2);
insert into gta_Prestations (codePrestation,libellePrestation,idActivite) values("CC61","Titres 161 - Relations clients à distance",2);
insert into gta_Prestations (codePrestation,libellePrestation,idActivite) values("CC62","Titres 162 - Fonction commerciale ",2);
insert into gta_Prestations (codePrestation,libellePrestation,idActivite) values("CC63","Titres 163 - Distribution",2);
insert into gta_Prestations (codePrestation,libellePrestation,idActivite) values("CC64","Titres 164 - Informatique et télécommunications",2);
insert into gta_Prestations (codePrestation,libellePrestation,idActivite) values("CC65","Titres 165 - Tourisme et loisirs",2);
insert into gta_Prestations (codePrestation,libellePrestation,idActivite) values("CC66","Titres 166 - Hôtellerie et restauration",2);
insert into gta_Prestations (codePrestation,libellePrestation,idActivite) values("CC67","Titres 167 - Arts graphiques - multimédia - audiovisuel",2);
insert into gta_Prestations (codePrestation,libellePrestation,idActivite) values("CC69","Titres 169 - Carrosserie Peinture",2);
insert into gta_Prestations (codePrestation,libellePrestation,idActivite) values("CC70","Titres 170 - Réparation véhicules légers",2);
insert into gta_Prestations (codePrestation,libellePrestation,idActivite) values("CC71","Titres 171 - Réparation de véhicules lourds et d'engins ",2);
insert into gta_Prestations (codePrestation,libellePrestation,idActivite) values("CC73","Titres 173 - Conduite routière",2);
insert into gta_Prestations (codePrestation,libellePrestation,idActivite) values("CC74","Titres 174 - Entreposage Magasinage",2);
insert into gta_Prestations (codePrestation,libellePrestation,idActivite) values("CC75","Titres 175 - Logistique ",2);
insert into gta_Prestations (codePrestation,libellePrestation,idActivite) values("CC76","Titres 176 - Services aux particuliers",2);
insert into gta_Prestations (codePrestation,libellePrestation,idActivite) values("CC77","Titres 177 - Autres Services aux entreprises et aux collectivités",2);
insert into gta_Prestations (codePrestation,libellePrestation,idActivite) values("CC78","Titres 178 - Métiers de la médiation de l'insertion et de la formation",2);
insert into gta_Prestations (codePrestation,libellePrestation,idActivite) values("F01","Suivi de la PAE",2);
insert into gta_Prestations (codePrestation,libellePrestation,idActivite) values("F02","EAD (enseignement à distance)",2);
insert into gta_Prestations (codePrestation,libellePrestation,idActivite) values("FD00","FOAD",2);
insert into gta_Prestations (codePrestation,libellePrestation,idActivite) values("FP01","FP 101 - Horticulture - Paysages",2);
insert into gta_Prestations (codePrestation,libellePrestation,idActivite) values("FP02","FP 102 - Maçonnerie Gros œuvre",2);
insert into gta_Prestations (codePrestation,libellePrestation,idActivite) values("FP03","FP 103 - Maitrise de chantier Gros œuvre",2);
insert into gta_Prestations (codePrestation,libellePrestation,idActivite) values("FP04","FP 104 - Métiers du béton",2);
insert into gta_Prestations (codePrestation,libellePrestation,idActivite) values("FP06","FP 106 - Entretien du bâtiment",2);
insert into gta_Prestations (codePrestation,libellePrestation,idActivite) values("FP07","FP 107 - Technicien en conduite de travaux bâtiment et travaux publics",2);
insert into gta_Prestations (codePrestation,libellePrestation,idActivite) values("FP08","FP 108 - Equipement Génie climatique",2);
insert into gta_Prestations (codePrestation,libellePrestation,idActivite) values("FP09","FP 109 - Maintenance Génie climatique",2);
insert into gta_Prestations (codePrestation,libellePrestation,idActivite) values("FP11","FP 111 - Aménagements finitions niveau V",2);
insert into gta_Prestations (codePrestation,libellePrestation,idActivite) values("FP12","FP 112 - Aménagements finitions niveau IV et III",2);
insert into gta_Prestations (codePrestation,libellePrestation,idActivite) values("FP14","FP 114 - Voierie et Réseaux Divers (VRD) niveau V et IV",2);
insert into gta_Prestations (codePrestation,libellePrestation,idActivite) values("FP15","FP 115 - Techniciens géomètres et maîtrise de chantier Travaux Publics",2);
insert into gta_Prestations (codePrestation,libellePrestation,idActivite) values("FP16","FP 116 - Conducteurs d'engins de chantier",2);
insert into gta_Prestations (codePrestation,libellePrestation,idActivite) values("FP17","FP 117 - Réseaux éléctriques et de communication",2);
insert into gta_Prestations (codePrestation,libellePrestation,idActivite) values("FP18","FP 118 - Aluminium Verre",2);
insert into gta_Prestations (codePrestation,libellePrestation,idActivite) values("FP19","FP 119 - Métallerie et constructions métalliques",2);
insert into gta_Prestations (codePrestation,libellePrestation,idActivite) values("FP22","FP 122 - Travail du bois niveau V, IV ",2);
insert into gta_Prestations (codePrestation,libellePrestation,idActivite) values("FP24","FP 124 - Equipement Electrique",2);
insert into gta_Prestations (codePrestation,libellePrestation,idActivite) values("FP26","FP 126 - Chaudronnerie et tuyautage",2);
insert into gta_Prestations (codePrestation,libellePrestation,idActivite) values("FP28","FP 128 - Soudage et contrôle",2);
insert into gta_Prestations (codePrestation,libellePrestation,idActivite) values("FP30","FP 130 - Fonderie",2);
insert into gta_Prestations (codePrestation,libellePrestation,idActivite) values("FP32","FP 132 - Etudes - méthodes - Qualité",2);
insert into gta_Prestations (codePrestation,libellePrestation,idActivite) values("FP33","FP 133 - Aéronautique",2);
insert into gta_Prestations (codePrestation,libellePrestation,idActivite) values("FP34","FP 134 - Usinage montage outillage",2);
insert into gta_Prestations (codePrestation,libellePrestation,idActivite) values("FP36","FP 136 - Production industrielle",2);
insert into gta_Prestations (codePrestation,libellePrestation,idActivite) values("FP39","FP 139 - Electronique automatismes",2);
insert into gta_Prestations (codePrestation,libellePrestation,idActivite) values("FP41","FP 141 - Froid climatisation niveau V - IV et III",2);
insert into gta_Prestations (codePrestation,libellePrestation,idActivite) values("FP44","FP 144 - Maintenance industrielle",2);
insert into gta_Prestations (codePrestation,libellePrestation,idActivite) values("FP45","FP 145 - Maintenance des biens d'équipements électroniques",2);
insert into gta_Prestations (codePrestation,libellePrestation,idActivite) values("FP46","FP 146 - Métiers de l'habillement et du cuir",2);
insert into gta_Prestations (codePrestation,libellePrestation,idActivite) values("FP48","FP 148 - Artisanat et services cuir, ameublement et pressing",2);
insert into gta_Prestations (codePrestation,libellePrestation,idActivite) values("FP50","FP 150 - Chimie",2);
insert into gta_Prestations (codePrestation,libellePrestation,idActivite) values("FP52","FP 152 - Métiers de l'environnement",2);
insert into gta_Prestations (codePrestation,libellePrestation,idActivite) values("FP53","FP 153 - Plasturgie processus automatisé",2);
insert into gta_Prestations (codePrestation,libellePrestation,idActivite) values("FP54","FP 154 - Plasturgie compétences manuelles",2);
insert into gta_Prestations (codePrestation,libellePrestation,idActivite) values("FP55","FP 155 - Aménagement et réparation mécanique maritime",2);
insert into gta_Prestations (codePrestation,libellePrestation,idActivite) values("FP59","FP 159 - Secrétariat Assistanat",2);
insert into gta_Prestations (codePrestation,libellePrestation,idActivite) values("FP60","FP 160 - Comptabilité Gestion",2);
insert into gta_Prestations (codePrestation,libellePrestation,idActivite) values("FP61","FP 161 - Relations clients à distance",2);
insert into gta_Prestations (codePrestation,libellePrestation,idActivite) values("FP62","FP 162 - Fonction commerciale ",2);
insert into gta_Prestations (codePrestation,libellePrestation,idActivite) values("FP63","FP 163 - Distribution",2);
insert into gta_Prestations (codePrestation,libellePrestation,idActivite) values("FP64","FP 164 - Informatique et télécommunications",2);
insert into gta_Prestations (codePrestation,libellePrestation,idActivite) values("FP65","FP 165 - Tourisme et loisirs",2);
insert into gta_Prestations (codePrestation,libellePrestation,idActivite) values("FP66","FP 166 - Hôtellerie et restauration",2);
insert into gta_Prestations (codePrestation,libellePrestation,idActivite) values("FP67","FP 167 - Arts graphiques - multimédia - audiovisuel",2);
insert into gta_Prestations (codePrestation,libellePrestation,idActivite) values("FP69","FP 169 - Carrosserie Peinture",2);
insert into gta_Prestations (codePrestation,libellePrestation,idActivite) values("FP70","FP 170 - Réparation véhicules légers",2);
insert into gta_Prestations (codePrestation,libellePrestation,idActivite) values("FP71","FP 171 - Réparation de véhicules lourds et d'engins ",2);
insert into gta_Prestations (codePrestation,libellePrestation,idActivite) values("FP73","FP 173 - Conduite routière",2);
insert into gta_Prestations (codePrestation,libellePrestation,idActivite) values("FP74","FP 174 - Entreposage Magasinage",2);
insert into gta_Prestations (codePrestation,libellePrestation,idActivite) values("FP75","FP 175 - Logistique ",2);
insert into gta_Prestations (codePrestation,libellePrestation,idActivite) values("FP76","FP 176 - Services aux particuliers",2);
insert into gta_Prestations (codePrestation,libellePrestation,idActivite) values("FP77","FP 177 - Autres Services aux entreprises et aux collectivités",2);
insert into gta_Prestations (codePrestation,libellePrestation,idActivite) values("FP78","FP 178 - Métiers de la médiation de l'insertion et de la formation",2);
insert into gta_Prestations (codePrestation,libellePrestation,idActivite) values("FP79","FP 179 - Pré-professionnalisation",2);
insert into gta_Prestations (codePrestation,libellePrestation,idActivite) values("FP80","FP 180 - Pré-insertion",2);
insert into gta_Prestations (codePrestation,libellePrestation,idActivite) values("H01","Hébergement (interne et externe)",2);
insert into gta_Prestations (codePrestation,libellePrestation,idActivite) values("H02","Restauration",2);
insert into gta_Prestations (codePrestation,libellePrestation,idActivite) values("IN02","Conseil - Expertise",2);
insert into gta_Prestations (codePrestation,libellePrestation,idActivite) values("IN03","Appui au SPE",2);
insert into gta_Prestations (codePrestation,libellePrestation,idActivite) values("IN05","Ingenierie de certification hors MNSP",2);
insert into gta_Prestations (codePrestation,libellePrestation,idActivite) values("OR02","Bilan de Compétence, bilan à mi carrière ",2);
insert into gta_Prestations (codePrestation,libellePrestation,idActivite) values("OR03","Evaluation des Compétences et des Acquis Profes.",2);
insert into gta_Prestations (codePrestation,libellePrestation,idActivite) values("OR04","Autres prestations d'appui individuel à l’orient. prof.",2);
insert into gta_Prestations (codePrestation,libellePrestation,idActivite) values("R01","Préparation des dossiers",2);
insert into gta_Prestations (codePrestation,libellePrestation,idActivite) values("R02","Etablissement de la paie",2);
insert into gta_Prestations (codePrestation,libellePrestation,idActivite) values("Z01","Prestation spécifique régionale",2);
insert into gta_Prestations (codePrestation,libellePrestation,idActivite) values("Z02","Mises à disposition externe",2);
insert into gta_Prestations (codePrestation,libellePrestation,idActivite) values("Z03","Autres activités vendues",2);
insert into gta_Prestations (codePrestation,libellePrestation,idActivite) values("SA01","FCA d'accompagnement - Animation perf.",4);
insert into gta_Prestations (codePrestation,libellePrestation,idActivite) values("SA99","FCA d'accompagnement - Autres activités de support",4);
insert into gta_Prestations (codePrestation,libellePrestation,idActivite) values("SC01","FCA de certification - Animation perf.",4);
insert into gta_Prestations (codePrestation,libellePrestation,idActivite) values("SC99","FCA de certification - Autres activités de support",4);
insert into gta_Prestations (codePrestation,libellePrestation,idActivite) values("SF01","FCA de formation - Animation perf.",4);
insert into gta_Prestations (codePrestation,libellePrestation,idActivite) values("SF99","FCA de formation - Autres activités de support",4);
insert into gta_Prestations (codePrestation,libellePrestation,idActivite) values("SH01","FCA d'Hôtellerie - Animation perf.",4);
insert into gta_Prestations (codePrestation,libellePrestation,idActivite) values("SH99","FCA d'Hôtellerie - Autres activités de support",4);
insert into gta_Prestations (codePrestation,libellePrestation,idActivite) values("SI01","FCA d'Ingénierie-conseil-expertise - Animation perf.",4);
insert into gta_Prestations (codePrestation,libellePrestation,idActivite) values("SI99","FCA d'Ingénierie-conseil-expertise - Autres activités de support",4);
insert into gta_Prestations (codePrestation,libellePrestation,idActivite) values("SO01","FCA d'orientation - Animation perf.",4);
insert into gta_Prestations (codePrestation,libellePrestation,idActivite) values("SO99","FCA d'orientation - Autres activités de support",4);
insert into gta_Prestations (codePrestation,libellePrestation,idActivite) values("ST01","FCTA - Animation perf. des salariés AFPA",5);
insert into gta_Prestations (codePrestation,libellePrestation,idActivite) values("ST02","FCTA - Appui interne",5);
insert into gta_Prestations (codePrestation,libellePrestation,idActivite) values("ST99","FCTA - Autres activités de support",6);
insert into gta_Prestations (codePrestation,libellePrestation,idActivite) values("C01","Instruction technique dossier VAE (ITV)",3);
insert into gta_Prestations (codePrestation,libellePrestation,idActivite) values("C03","Professionalisation des acteurs",3);
insert into gta_Prestations (codePrestation,libellePrestation,idActivite) values("C04","Préparation au titre",3);
insert into gta_Prestations (codePrestation,libellePrestation,idActivite) values("C05","Professionalisation des jurys",3);
insert into gta_Prestations (codePrestation,libellePrestation,idActivite) values("C06","Accompagnement VAE - MNSP",3);
insert into gta_Prestations (codePrestation,libellePrestation,idActivite) values("C07","ITV hors MNSP",3);
insert into gta_Prestations (codePrestation,libellePrestation,idActivite) values("IN01","Ingénierie du titre",3);
insert into gta_Prestations (codePrestation,libellePrestation,idActivite) values("IN04","Ingénierie - autres MNSP",3);
insert into gta_Prestations (codePrestation,libellePrestation,idActivite) values("OR05","Orientation - Pré-insertion",3);
insert into gta_Prestations (codePrestation,libellePrestation,idActivite) values("AS6","S6 - Accomp. socio-éducatif",3);
insert into gta_Prestations (codePrestation,libellePrestation,idActivite) values("Z04","Autres (missions nationales de services publics)",3);
insert into gta_Prestations (codePrestation,libellePrestation,idActivite) values("Z05","Transfert de plateau MNSP (hors investissement) ",3);
insert into gta_Prestations (codePrestation,libellePrestation,idActivite) values("AS8","Formation initiale la Promo 16-18",3);
insert into gta_Prestations (codePrestation,libellePrestation,idActivite) values("AS8","Accompagnement promo 16-18",3);
insert into gta_Prestations (codePrestation,libellePrestation,idActivite) values("AS9","ASE Promo 16-18",3);
insert into gta_Prestations (codePrestation,libellePrestation,idActivite) values("IN06","Ingénierie Promo 16-18",3);
insert into gta_Prestations (codePrestation,libellePrestation,idActivite) values("Z06","Autres - Promo 16-18",3);


insert into gta_Projets (idProjet,codeProjet,libelleProjet) values(1,"95NPMA160001","2ème PLAN MIGRANTS AFPA 2016-2017");
insert into gta_Projets (idProjet,codeProjet,libelleProjet) values(2,"97NGCA720001","AAE PREPA COMP  Atelier 7 Club PREPA");
insert into gta_Projets (idProjet,codeProjet,libelleProjet) values(3,"97NGCA820001","AAE PREPA COMP  Atelier 8 CPF");
insert into gta_Projets (idProjet,codeProjet,libelleProjet) values(4,"95NSEM180001","AFPA 2022");
insert into gta_Projets (idProjet,codeProjet,libelleProjet) values(5,"95NFAAE17001","Appui à la Filiale Accès A l'Emploi");
insert into gta_Projets (idProjet,codeProjet,libelleProjet) values(6,"95NFESI17001","Appui à la Filiale Entreprises, Salariés et International");
insert into gta_Projets (idProjet,codeProjet,libelleProjet) values(7,"95NEPIC17001","Appui à l'EPIC");
insert into gta_Projets (idProjet,codeProjet,libelleProjet) values(8,"97NGCA118001","Atelier 1 confirmation de projet");
insert into gta_Projets (idProjet,codeProjet,libelleProjet) values(9,"95NDECL17001","Atelier 1: découverte métiers");
insert into gta_Projets (idProjet,codeProjet,libelleProjet) values(10,"95NDECL20012","Atelier 1bis: découverte métier pour les non francophones");
insert into gta_Projets (idProjet,codeProjet,libelleProjet) values(11,"95NDECL17002","Atelier 2 : Construire son projet professionnel");
insert into gta_Projets (idProjet,codeProjet,libelleProjet) values(12,"95NDECL20013","Atelier 2 bis Construire son projet professionnel pour les non francophones");
insert into gta_Projets (idProjet,codeProjet,libelleProjet) values(13,"97NGCA218001","Atelier 2 Découverte des métiers");
insert into gta_Projets (idProjet,codeProjet,libelleProjet) values(14,"95NDECL17003","Atelier 3 : Développer ses capacités et ses ressources");
insert into gta_Projets (idProjet,codeProjet,libelleProjet) values(15,"97NGCA318001","Atelier 3 Compétences numériques");
insert into gta_Projets (idProjet,codeProjet,libelleProjet) values(16,"95NDECL17004","Atelier 4 : Repérer ses savoirs de base");
insert into gta_Projets (idProjet,codeProjet,libelleProjet) values(17,"97NGCA418001","Atelier 4 Compétences de base métiers");
insert into gta_Projets (idProjet,codeProjet,libelleProjet) values(18,"95NDECL19009","Atelier 5 - S'approprier les outils numériques dans son futur métier");
insert into gta_Projets (idProjet,codeProjet,libelleProjet) values(19,"97NGCA518001","Atelier 5 Développer ses compétences à conduire son projet dans la durée");
insert into gta_Projets (idProjet,codeProjet,libelleProjet) values(20,"95NDECL19010","Atelier 6 - Objectif code de la route");
insert into gta_Projets (idProjet,codeProjet,libelleProjet) values(21,"95NDECL20011","Atelier 6 bis : Objectif code de la route pour non francophones");
insert into gta_Projets (idProjet,codeProjet,libelleProjet) values(22,"97NGCA618001","Atelier 6 Plan de qualification personnalisé");
insert into gta_Projets (idProjet,codeProjet,libelleProjet) values(23,"95NTPM180001","CSP conduite d'engin");
insert into gta_Projets (idProjet,codeProjet,libelleProjet) values(24,"95NGCA102101","EPIC PREPA COMP  Atelier 10 : Cartographier ses compétences");
insert into gta_Projets (idProjet,codeProjet,libelleProjet) values(25,"95NGCA820001","EPIC PREPA COMP  Atelier 8 CPF");
insert into gta_Projets (idProjet,codeProjet,libelleProjet) values(26,"95NGCA921001","EPIC PREPA COMP  Atelier 9 : Se construire un Territoire facilitant");
insert into gta_Projets (idProjet,codeProjet,libelleProjet) values(27,"95NGCA720001","EPIC PREPA COMP Atelier 7 Club PREPA");
insert into gta_Projets (idProjet,codeProjet,libelleProjet) values(28,"95NFAMI18001","FAMI - Une voix-e vers l'emploi");
insert into gta_Projets (idProjet,codeProjet,libelleProjet) values(29,"95NGCA118001","GC - Atelier 1 : Diagnostic - Je construis mon projet de réentrainement");
insert into gta_Projets (idProjet,codeProjet,libelleProjet) values(30,"95NGCA218001","GC - Atelier 2 : Mise en situation pratique");
insert into gta_Projets (idProjet,codeProjet,libelleProjet) values(31,"95NGCA318001","GC - Atelier 3 : S'entrainer aux compétences numériques");
insert into gta_Projets (idProjet,codeProjet,libelleProjet) values(32,"95NGCA418001","GC - Atelier 4 : S'entrainer aux compétences de base du métier");
insert into gta_Projets (idProjet,codeProjet,libelleProjet) values(33,"95NGCA518001","GC - Atelier 5 : Conduite d'un projet de formation");
insert into gta_Projets (idProjet,codeProjet,libelleProjet) values(34,"95NGCA618001","GC - Atelier 6 : Elaboration et formalisation du parcours de formation");
insert into gta_Projets (idProjet,codeProjet,libelleProjet) values(35,"97NGAE180001","GPECC- AFPA Accès à l'emploi -Classes 2 à 13");
insert into gta_Projets (idProjet,codeProjet,libelleProjet) values(36,"98NGEN180001","GPECC- AFPA Entreprises -Classes 2 à 13");
insert into gta_Projets (idProjet,codeProjet,libelleProjet) values(37,"97NMAE180001","Mesures de mobilité - AFPA Accès à l'emploi -Classes 14 et plus");
insert into gta_Projets (idProjet,codeProjet,libelleProjet) values(38,"98NMEN180001","Mesures de mobilité - AFPA Entreprises -Classes 14 et plus");
insert into gta_Projets (idProjet,codeProjet,libelleProjet) values(39,"95NRPC170001","Mise en place de l'activité réservataire Produits courts");
insert into gta_Projets (idProjet,codeProjet,libelleProjet) values(40,"95NOF2160001","OF 2.0");
insert into gta_Projets (idProjet,codeProjet,libelleProjet) values(41,"95NPLA160001","Plan 10 000 VAE - Conduite du projet, ingénierie");
insert into gta_Projets (idProjet,codeProjet,libelleProjet) values(42,"95NPLA160003","Plan 10.000 VAE - Bilans, évaluation et enquêtes");
insert into gta_Projets (idProjet,codeProjet,libelleProjet) values(43,"95NPLA160002","Plan 10.000 VAE - Parcours intégré candidat");
insert into gta_Projets (idProjet,codeProjet,libelleProjet) values(44,"95NPSE190001","PSE pour l¿EPIC");
insert into gta_Projets (idProjet,codeProjet,libelleProjet) values(45,"95NSES170001","SET APP ERASMUS +");
insert into gta_Projets (idProjet,codeProjet,libelleProjet) values(46,"95NSHD180001","SIEG 2018 HDF Dynamique vers l'emploi");
insert into gta_Projets (idProjet,codeProjet,libelleProjet) values(47,"95NPEC190001","Accompagnement à la Mise en oeuvre du parcours Emploi Compétence (PEC)");
insert into gta_Projets (idProjet,codeProjet,libelleProjet) values(48,"95NHAN210001","Accompagnement BENEFICIAIRES HANDICAPES");
insert into gta_Projets (idProjet,codeProjet,libelleProjet) values(49,"95NHOPE22001","Accompagnement intégration HOPE Promotion 2022");
insert into gta_Projets (idProjet,codeProjet,libelleProjet) values(50,"95NHOPE23001","Accompagnement intégration HOPE Promotion 2023");
insert into gta_Projets (idProjet,codeProjet,libelleProjet) values(51,"95NPTH080001","Accord T. Handicapé");
insert into gta_Projets (idProjet,codeProjet,libelleProjet) values(52,"95RALL160001","Alliance AFPA");
insert into gta_Projets (idProjet,codeProjet,libelleProjet) values(53,"95NDECL17005","Animation vie collective et citoyenneté");
insert into gta_Projets (idProjet,codeProjet,libelleProjet) values(54,"95NCAMP21001","CAMPUS 2023");
insert into gta_Projets (idProjet,codeProjet,libelleProjet) values(55,"95NDECL17006","Coordination du dispositif");
insert into gta_Projets (idProjet,codeProjet,libelleProjet) values(56,"95NPTR190001","Coûts de restructur régions pour transfert activité centre à autre dans cadre Plan transformation");
insert into gta_Projets (idProjet,codeProjet,libelleProjet) values(57,"95NLIN210001","CSP LIN LOT NATIONAL");
insert into gta_Projets (idProjet,codeProjet,libelleProjet) values(58,"95NLIR210001","CSP LIR LOTS REGIONAUX");
insert into gta_Projets (idProjet,codeProjet,libelleProjet) values(59,"95NPSR180001","Déménagement plateau - PSR");
insert into gta_Projets (idProjet,codeProjet,libelleProjet) values(60,"95NGCPI18001","Garantie Compétences - Pilotage");
insert into gta_Projets (idProjet,codeProjet,libelleProjet) values(61,"95NGCAC18001","GC - Suivis individuels Accompagnement");
insert into gta_Projets (idProjet,codeProjet,libelleProjet) values(62,"95NHOPE21001","HOPE  Accompagnement intégration HOPE Gisèle Halimi");
insert into gta_Projets (idProjet,codeProjet,libelleProjet) values(63,"95NIJV150001","Indemnité forfaitaire Jurys inscrits dans VALCE");
insert into gta_Projets (idProjet,codeProjet,libelleProjet) values(64,"95NDECL17007","Ingénierie");
insert into gta_Projets (idProjet,codeProjet,libelleProjet) values(65,"95NPMCT21001","la MAIN le CŒUR la TETE");
insert into gta_Projets (idProjet,codeProjet,libelleProjet) values(66,"95NRTE180001","la route des métiers");
insert into gta_Projets (idProjet,codeProjet,libelleProjet) values(67,"95NLCR160001","Marché LCR Pôle Emploi");
insert into gta_Projets (idProjet,codeProjet,libelleProjet) values(68,"95NMPH130001","Mission nationale Personnes Handicapées");
insert into gta_Projets (idProjet,codeProjet,libelleProjet) values(69,"95NSEC070002","Opérations de sécurité");
insert into gta_Projets (idProjet,codeProjet,libelleProjet) values(70,"95NVDS190001","Parc véhicules de service");
insert into gta_Projets (idProjet,codeProjet,libelleProjet) values(71,"95NPLR160001","Plan réfugiés");
insert into gta_Projets (idProjet,codeProjet,libelleProjet) values(72,"95NPTJ160001","Plateforme Transition Jeunes");
insert into gta_Projets (idProjet,codeProjet,libelleProjet) values(73,"97NGCAC18001","Prestations de suivi Accompagnement (référent parcours)");
insert into gta_Projets (idProjet,codeProjet,libelleProjet) values(74,"95NREMT18001","Remise des titres");
insert into gta_Projets (idProjet,codeProjet,libelleProjet) values(75,"VAE PRIMO AR","RIVANTS");
insert into gta_Projets (idProjet,codeProjet,libelleProjet) values(76,"95NSHOP19001","Start HOPE");
insert into gta_Projets (idProjet,codeProjet,libelleProjet) values(77,"95NVINC19001","STEP VINCI");
insert into gta_Projets (idProjet,codeProjet,libelleProjet) values(78,"95NIRP120001","suivi Frais Liés aux IRP");
insert into gta_Projets (idProjet,codeProjet,libelleProjet) values(79,"95NTPM150001","TP Mobile");
insert into gta_Projets (idProjet,codeProjet,libelleProjet) values(80,"95NPCUB19003","2.2.10 Incubateur Développeur Intégrateur en Informatique Industrielle (D3I)");
insert into gta_Projets (idProjet,codeProjet,libelleProjet) values(81,"95NPCUB21001","2.2.12 Incubateur Monteur en Tuyauterie et chaudronnerie sur site industriel sensible");
insert into gta_Projets (idProjet,codeProjet,libelleProjet) values(82,"95NPCUB21002","2.2.13 Incubateur Agent de Comissionnement du Bâtiment");
insert into gta_Projets (idProjet,codeProjet,libelleProjet) values(83,"95NPCUB22001","2.2.14 Incubateur Chaudronnerie-Tuyauterie-Soudage- Adaptation Hydrogène et énergie");
insert into gta_Projets (idProjet,codeProjet,libelleProjet) values(84,"95NPCUB22002","2.2.15 Incubateur Technicien de maintenance industrielle colorisée Hydrogène");
insert into gta_Projets (idProjet,codeProjet,libelleProjet) values(85,"95NPCUB22003","2.2.16 Incubateur Pilote d'installation Hydrogène");
insert into gta_Projets (idProjet,codeProjet,libelleProjet) values(86,"95NPCUB22004","2.2.17 Incubateur Monteur mécanicien  véhicules lourds hydrogène ");
insert into gta_Projets (idProjet,codeProjet,libelleProjet) values(87,"95NPCUB22005","2.2.18 Incubateur Rétrofit : électrifier un véhicule thermique pour réduire les polluants atmosphériques");
insert into gta_Projets (idProjet,codeProjet,libelleProjet) values(88,"95NPCUB22006","2.2.19 Incubateur Technicien des dispositifs d'assistance respiratoire à domicile ");
insert into gta_Projets (idProjet,codeProjet,libelleProjet) values(89,"95NPCUB22007","2.2.20 Incubateur Réparateur outdoor");
insert into gta_Projets (idProjet,codeProjet,libelleProjet) values(90,"95NPCUB22008","2.2.21 Incubateur Animateur Artistique");
insert into gta_Projets (idProjet,codeProjet,libelleProjet) values(91,"95NPCUB22009","2.2.23 Incubateur Concepteur Médiatiseur Pédagogique");
insert into gta_Projets (idProjet,codeProjet,libelleProjet) values(92,"95NPCUB22010","2.2.24 Incubateur Concepteur de Technologie immersive");
insert into gta_Projets (idProjet,codeProjet,libelleProjet) values(93,"95SPIM210001","Plateforme Digitale Front-Office");
insert into gta_Projets (idProjet,codeProjet,libelleProjet) values(94,"95SPIM210002","EPM");
insert into gta_Projets (idProjet,codeProjet,libelleProjet) values(95,"95SPIM210003","Dataviz / Power BI");
insert into gta_Projets (idProjet,codeProjet,libelleProjet) values(96,"95SPIM210004","ERP Formation ");
insert into gta_Projets (idProjet,codeProjet,libelleProjet) values(97,"95SPIM210005","Métis");
insert into gta_Projets (idProjet,codeProjet,libelleProjet) values(98,"95SPIM210006","SI Immobilier");
insert into gta_Projets (idProjet,codeProjet,libelleProjet) values(99,"97NGCA921001","AAE PREPA COMP  Atelier 9 : Se construire un Territoire facilitant ");
insert into gta_Projets (idProjet,codeProjet,libelleProjet) values(100,"97NGCA102101","AAE PREPA COMP  Atelier 10 : Cartographier ses compétences");
insert into gta_Projets (idProjet,codeProjet,libelleProjet) values(101,"VAE PEC","0");
insert into gta_Projets (idProjet,codeProjet,libelleProjet) values(102,"95NVPEC19001","VAE PEC Coordination et management du dispositif");
insert into gta_Projets (idProjet,codeProjet,libelleProjet) values(103,"95NVPEC19001","VAE PEC Appui administratif ");
insert into gta_Projets (idProjet,codeProjet,libelleProjet) values(104,"95NVPEC19001","VAE PEC  ETAPE 1 - ETAPE2- ETAPE 3 - ETAPE 4");
insert into gta_Projets (idProjet,codeProjet,libelleProjet) values(105,"95NVPEC19001","VAE PEC ETAPE 5 - ITV");
insert into gta_Projets (idProjet,codeProjet,libelleProjet) values(106,"95NVPEC19001","VAE PEC ETAPE 5- PTV");
insert into gta_Projets (idProjet,codeProjet,libelleProjet) values(107,"95NVPEC19001","VAE PEC ETAPE 5 - ITR RSFP");
insert into gta_Projets (idProjet,codeProjet,libelleProjet) values(108,"95NVPEC19001","VAE PEC ETAPE 5- PSF RSFP");
insert into gta_Projets (idProjet,codeProjet,libelleProjet) values(109,"95NVPEC19001","VAE PEC ETAPE 5 - CLEA CEF");
insert into gta_Projets (idProjet,codeProjet,libelleProjet) values(110,"95NVAPA19001","VAE Prim Arriv Coordination et management du dispositif ");
insert into gta_Projets (idProjet,codeProjet,libelleProjet) values(111,"95NVAPA19001","VAE Prim Arriv Appui administratif ");
insert into gta_Projets (idProjet,codeProjet,libelleProjet) values(112,"95NVAPA19001","VAE Prim Arriv INFO COLLECTIVE");
insert into gta_Projets (idProjet,codeProjet,libelleProjet) values(113,"95NVAPA19001","VAE Prim Arriv Appui certif - 1ER RDV");
insert into gta_Projets (idProjet,codeProjet,libelleProjet) values(114,"95NVAPA19001","VAE Prim Arriv ITV -  2EME RDV ");
insert into gta_Projets (idProjet,codeProjet,libelleProjet) values(115,"95NVAPA19001","VAE Prim Arriv 4 ateliers d'accompagenement et preparation à la session");
insert into gta_Projets (idProjet,codeProjet,libelleProjet) values(116,"95NVAPA19001","VAE Prim Arriv PTV Préparation à la sessio d'évaluation");
insert into gta_Projets (idProjet,codeProjet,libelleProjet) values(117,"95NVAPA19001","VAE Prim Arriv Appui à la certf. Démarche RSFP ");
insert into gta_Projets (idProjet,codeProjet,libelleProjet) values(118,"95NVAPA19001","VAE Prim Arriv ITR Instruction technique RSFP");
insert into gta_Projets (idProjet,codeProjet,libelleProjet) values(119,"95NVAPA19001","0");
insert into gta_Projets (idProjet,codeProjet,libelleProjet) values(120,"95NPILP20001","Promo 16-18 Coordination - Pilotage - admin");
insert into gta_Projets (idProjet,codeProjet,libelleProjet) values(121,"95NACCP20001","Promo 16-18 Accompagnement - Engagement");
insert into gta_Projets (idProjet,codeProjet,libelleProjet) values(122,"95NACCP20002","Promo 16-18 Accompagnement - Réflexion");
insert into gta_Projets (idProjet,codeProjet,libelleProjet) values(123,"95NACCP20003","Promo 16-18 Accompagnement - Initiation");
insert into gta_Projets (idProjet,codeProjet,libelleProjet) values(124,"95NACCP20004","Promo 16-18 Accompagnement - Construction");
insert into gta_Projets (idProjet,codeProjet,libelleProjet) values(125,"95NACCP20005","Promo 16-18 Accompagnement - Préparation");
insert into gta_Projets (idProjet,codeProjet,libelleProjet) values(126,"95NACCP20006","Promo 16-18 Accompagnement - Choix");
insert into gta_Projets (idProjet,codeProjet,libelleProjet) values(127,"95NSOUP20001","Promo 16-18 Orientation - Sourcing");
insert into gta_Projets (idProjet,codeProjet,libelleProjet) values(128,"95NSURP20001","Promo 16-18 Surveillance - Initiation");
insert into gta_Projets (idProjet,codeProjet,libelleProjet) values(129,"95NSURP20002","Promo 16-18 Surveillance - Construction");
insert into gta_Projets (idProjet,codeProjet,libelleProjet) values(130,"95NANIP20001","Promo 16-18 Animation - Initiation");
insert into gta_Projets (idProjet,codeProjet,libelleProjet) values(131,"95NANIP20002","Promo 16-18 Animation - Construction");
insert into gta_Projets (idProjet,codeProjet,libelleProjet) values(132,"95NDEPP20001","Promo 16-18 Déplacement - Initiation");
insert into gta_Projets (idProjet,codeProjet,libelleProjet) values(133,"95NDEPP20002","Promo 16-18 Déplacement - Construction");
insert into gta_Projets (idProjet,codeProjet,libelleProjet) values(134,"23RSDI120001","23RSDI120001");
insert into gta_Projets (idProjet,codeProjet,libelleProjet) values(135,"95NGCNA17001","95NGCNA17001");
insert into gta_Projets (idProjet,codeProjet,libelleProjet) values(136,"95NJURY17001","95NJURY17001");
insert into gta_Projets (idProjet,codeProjet,libelleProjet) values(137,"95NJURY17002","95NJURY17002");
insert into gta_Projets (idProjet,codeProjet,libelleProjet) values(138,"95NJURY17003","95NJURY17003");
insert into gta_Projets (idProjet,codeProjet,libelleProjet) values(139,"95NJURY17004","95NJURY17004");
insert into gta_Projets (idProjet,codeProjet,libelleProjet) values(140,"95NCERJ19001","95NCERJ19001");
insert into gta_Projets (idProjet,codeProjet,libelleProjet) values(141,"95NJURY17006","95NJURY17006");
insert into gta_Projets (idProjet,codeProjet,libelleProjet) values(142,"23RGEV120001","23RGEV120001");
insert into gta_Projets (idProjet,codeProjet,libelleProjet) values(143,"95NRSFP20001","95NRSFP20001");
insert into gta_Projets (idProjet,codeProjet,libelleProjet) values(144,"95NPLAT20001","95NPLAT20001");
insert into gta_Projets (idProjet,codeProjet,libelleProjet) values(145,"95NDEPL21001","95NDEPL21001");
insert into gta_Projets (idProjet,codeProjet,libelleProjet) values(146,"95NDEPL21002","95NDEPL21002");
insert into gta_Projets (idProjet,codeProjet,libelleProjet) values(147,"95NDEPL21003","95NDEPL21003");
insert into gta_Projets (idProjet,codeProjet,libelleProjet) values(148,"95NDEPL21004","95NDEPL21004");
insert into gta_Projets (idProjet,codeProjet,libelleProjet) values(149,"95NVAEI17001","95NVAEI17001");
insert into gta_Projets (idProjet,codeProjet,libelleProjet) values(150,"95NIVAE18001","95NIVAE18001");
insert into gta_Projets (idProjet,codeProjet,libelleProjet) values(151,"95NACCV21001","95NACCV21001");
insert into gta_Projets (idProjet,codeProjet,libelleProjet) values(152,"95NVAEM19001","95NVAEM19001");
insert into gta_Projets (idProjet,codeProjet,libelleProjet) values(153,"95NCMAP19001","95NCMAP19001");
insert into gta_Projets (idProjet,codeProjet,libelleProjet) values(154,"95NOBST17001","95NOBST17001");
insert into gta_Projets (idProjet,codeProjet,libelleProjet) values(155,"95NINCE18001","95NINCE18001");
insert into gta_Projets (idProjet,codeProjet,libelleProjet) values(156,"95NCIIC17001","95NCIIC17001");
insert into gta_Projets (idProjet,codeProjet,libelleProjet) values(157,"95NPDOM17001","95NPDOM17001");
insert into gta_Projets (idProjet,codeProjet,libelleProjet) values(158,"95NPARC22001","95NPARC22001");
insert into gta_Projets (idProjet,codeProjet,libelleProjet) values(159,"95NNOEQ22001","95NNOEQ22001");
insert into gta_Projets (idProjet,codeProjet,libelleProjet) values(160,"95NRETD17001","95NRETD17001");
insert into gta_Projets (idProjet,codeProjet,libelleProjet) values(161,"95NRSEN23001","95NRSEN23001");
insert into gta_Projets (idProjet,codeProjet,libelleProjet) values(162,"95NPCUB17001","95NPCUB17001");
insert into gta_Projets (idProjet,codeProjet,libelleProjet) values(163,"95NGPEM17001","95NGPEM17001");
insert into gta_Projets (idProjet,codeProjet,libelleProjet) values(164,"95NGPET17001","95NGPET17001");
insert into gta_Projets (idProjet,codeProjet,libelleProjet) values(165,"95NICEP17001","95NICEP17001");
insert into gta_Projets (idProjet,codeProjet,libelleProjet) values(166,"95NDECL18008","95NDECL18008");
insert into gta_Projets (idProjet,codeProjet,libelleProjet) values(167,"95NPSNI17001","95NPSNI17001");
insert into gta_Projets (idProjet,codeProjet,libelleProjet) values(168,"95NMIXI17001","95NMIXI17001");
insert into gta_Projets (idProjet,codeProjet,libelleProjet) values(169,"95NTHFP17001","95NTHFP17001");
insert into gta_Projets (idProjet,codeProjet,libelleProjet) values(170,"95NSENI23001","95NSENI23001");
insert into gta_Projets (idProjet,codeProjet,libelleProjet) values(171,"95NINIT18001","95NINIT18001");
insert into gta_Projets (idProjet,codeProjet,libelleProjet) values(172,"95NPILN17001","95NPILN17001");
insert into gta_Projets (idProjet,codeProjet,libelleProjet) values(173,"95NGCA318001 ","95NGCA318001 ");
insert into gta_Projets (idProjet,codeProjet,libelleProjet) values(174,"95NGCA518001 ","95NGCA518001 ");
insert into gta_Projets (idProjet,codeProjet,libelleProjet) values(175,"95NGCA618001 ","95NGCA618001 ");
insert into gta_Projets (idProjet,codeProjet,libelleProjet) values(176,"95NFORP20001","95NFORP20001");
insert into gta_Projets (idProjet,codeProjet,libelleProjet) values(177,"97NGCPI18001","97NGCPI18001");
insert into gta_Projets (idProjet,codeProjet,libelleProjet) values(178,"sans","pas de projet");

insert into gta_Associations (idProjet,idPrestation) values(134,2);
insert into gta_Associations (idProjet,idPrestation) values(135,3);
insert into gta_Associations (idProjet,idPrestation) values(136,4);
insert into gta_Associations (idProjet,idPrestation) values(137,5);
insert into gta_Associations (idProjet,idPrestation) values(138,6);
insert into gta_Associations (idProjet,idPrestation) values(139,7);
insert into gta_Associations (idProjet,idPrestation) values(139,8);
insert into gta_Associations (idProjet,idPrestation) values(140,9);
insert into gta_Associations (idProjet,idPrestation) values(140,10);
insert into gta_Associations (idProjet,idPrestation) values(141,11);
insert into gta_Associations (idProjet,idPrestation) values(178,12);
insert into gta_Associations (idProjet,idPrestation) values(178,13);
insert into gta_Associations (idProjet,idPrestation) values(178,14);
insert into gta_Associations (idProjet,idPrestation) values(142,15);
insert into gta_Associations (idProjet,idPrestation) values(143,16);
insert into gta_Associations (idProjet,idPrestation) values(144,17);
insert into gta_Associations (idProjet,idPrestation) values(145,18);
insert into gta_Associations (idProjet,idPrestation) values(146,19);
insert into gta_Associations (idProjet,idPrestation) values(147,20);
insert into gta_Associations (idProjet,idPrestation) values(148,21);
insert into gta_Associations (idProjet,idPrestation) values(149,22);
insert into gta_Associations (idProjet,idPrestation) values(149,23);
insert into gta_Associations (idProjet,idPrestation) values(150,24);
insert into gta_Associations (idProjet,idPrestation) values(151,25);
insert into gta_Associations (idProjet,idPrestation) values(152,26);
insert into gta_Associations (idProjet,idPrestation) values(152,27);
insert into gta_Associations (idProjet,idPrestation) values(178,28);
insert into gta_Associations (idProjet,idPrestation) values(153,29);
insert into gta_Associations (idProjet,idPrestation) values(153,30);
insert into gta_Associations (idProjet,idPrestation) values(178,31);
insert into gta_Associations (idProjet,idPrestation) values(154,32);
insert into gta_Associations (idProjet,idPrestation) values(155,33);
insert into gta_Associations (idProjet,idPrestation) values(156,34);
insert into gta_Associations (idProjet,idPrestation) values(157,35);
insert into gta_Associations (idProjet,idPrestation) values(158,36);
insert into gta_Associations (idProjet,idPrestation) values(159,37);
insert into gta_Associations (idProjet,idPrestation) values(160,38);
insert into gta_Associations (idProjet,idPrestation) values(160,39);
insert into gta_Associations (idProjet,idPrestation) values(161,40);
insert into gta_Associations (idProjet,idPrestation) values(162,41);
insert into gta_Associations (idProjet,idPrestation) values(80,42);
insert into gta_Associations (idProjet,idPrestation) values(81,43);
insert into gta_Associations (idProjet,idPrestation) values(82,44);
insert into gta_Associations (idProjet,idPrestation) values(83,45);
insert into gta_Associations (idProjet,idPrestation) values(84,46);
insert into gta_Associations (idProjet,idPrestation) values(85,47);
insert into gta_Associations (idProjet,idPrestation) values(86,48);
insert into gta_Associations (idProjet,idPrestation) values(87,49);
insert into gta_Associations (idProjet,idPrestation) values(88,50);
insert into gta_Associations (idProjet,idPrestation) values(89,51);
insert into gta_Associations (idProjet,idPrestation) values(90,52);
insert into gta_Associations (idProjet,idPrestation) values(91,53);
insert into gta_Associations (idProjet,idPrestation) values(92,54);
insert into gta_Associations (idProjet,idPrestation) values(163,55);
insert into gta_Associations (idProjet,idPrestation) values(163,56);
insert into gta_Associations (idProjet,idPrestation) values(164,57);
insert into gta_Associations (idProjet,idPrestation) values(164,58);
insert into gta_Associations (idProjet,idPrestation) values(165,59);
insert into gta_Associations (idProjet,idPrestation) values(9,60);
insert into gta_Associations (idProjet,idPrestation) values(10,61);
insert into gta_Associations (idProjet,idPrestation) values(11,62);
insert into gta_Associations (idProjet,idPrestation) values(12,63);
insert into gta_Associations (idProjet,idPrestation) values(14,64);
insert into gta_Associations (idProjet,idPrestation) values(16,65);
insert into gta_Associations (idProjet,idPrestation) values(18,66);
insert into gta_Associations (idProjet,idPrestation) values(20,67);
insert into gta_Associations (idProjet,idPrestation) values(21,68);
insert into gta_Associations (idProjet,idPrestation) values(53,69);
insert into gta_Associations (idProjet,idPrestation) values(55,70);
insert into gta_Associations (idProjet,idPrestation) values(178,71);
insert into gta_Associations (idProjet,idPrestation) values(178,72);
insert into gta_Associations (idProjet,idPrestation) values(64,73);
insert into gta_Associations (idProjet,idPrestation) values(166,74);
insert into gta_Associations (idProjet,idPrestation) values(167,75);
insert into gta_Associations (idProjet,idPrestation) values(167,76);
insert into gta_Associations (idProjet,idPrestation) values(168,77);
insert into gta_Associations (idProjet,idPrestation) values(168,78);
insert into gta_Associations (idProjet,idPrestation) values(168,79);
insert into gta_Associations (idProjet,idPrestation) values(169,80);
insert into gta_Associations (idProjet,idPrestation) values(169,81);
insert into gta_Associations (idProjet,idPrestation) values(170,82);
insert into gta_Associations (idProjet,idPrestation) values(62,83);
insert into gta_Associations (idProjet,idPrestation) values(49,84);
insert into gta_Associations (idProjet,idPrestation) values(50,85);
insert into gta_Associations (idProjet,idPrestation) values(171,86);
insert into gta_Associations (idProjet,idPrestation) values(171,87);
insert into gta_Associations (idProjet,idPrestation) values(172,88);
insert into gta_Associations (idProjet,idPrestation) values(60,89);
insert into gta_Associations (idProjet,idPrestation) values(29,90);
insert into gta_Associations (idProjet,idPrestation) values(30,91);
insert into gta_Associations (idProjet,idPrestation) values(173,92);
insert into gta_Associations (idProjet,idPrestation) values(32,93);
insert into gta_Associations (idProjet,idPrestation) values(174,94);
insert into gta_Associations (idProjet,idPrestation) values(175,95);
insert into gta_Associations (idProjet,idPrestation) values(27,96);
insert into gta_Associations (idProjet,idPrestation) values(25,97);
insert into gta_Associations (idProjet,idPrestation) values(26,98);
insert into gta_Associations (idProjet,idPrestation) values(24,99);
insert into gta_Associations (idProjet,idPrestation) values(61,100);
insert into gta_Associations (idProjet,idPrestation) values(60,101);
insert into gta_Associations (idProjet,idPrestation) values(60,102);
insert into gta_Associations (idProjet,idPrestation) values(80,103);
insert into gta_Associations (idProjet,idPrestation) values(81,104);
insert into gta_Associations (idProjet,idPrestation) values(82,105);
insert into gta_Associations (idProjet,idPrestation) values(83,106);
insert into gta_Associations (idProjet,idPrestation) values(84,107);
insert into gta_Associations (idProjet,idPrestation) values(85,108);
insert into gta_Associations (idProjet,idPrestation) values(86,109);
insert into gta_Associations (idProjet,idPrestation) values(87,110);
insert into gta_Associations (idProjet,idPrestation) values(88,111);
insert into gta_Associations (idProjet,idPrestation) values(89,112);
insert into gta_Associations (idProjet,idPrestation) values(90,113);
insert into gta_Associations (idProjet,idPrestation) values(91,114);
insert into gta_Associations (idProjet,idPrestation) values(92,115);
insert into gta_Associations (idProjet,idPrestation) values(80,116);
insert into gta_Associations (idProjet,idPrestation) values(81,117);
insert into gta_Associations (idProjet,idPrestation) values(82,118);
insert into gta_Associations (idProjet,idPrestation) values(83,119);
insert into gta_Associations (idProjet,idPrestation) values(84,120);
insert into gta_Associations (idProjet,idPrestation) values(85,121);
insert into gta_Associations (idProjet,idPrestation) values(86,122);
insert into gta_Associations (idProjet,idPrestation) values(87,123);
insert into gta_Associations (idProjet,idPrestation) values(88,124);
insert into gta_Associations (idProjet,idPrestation) values(89,125);
insert into gta_Associations (idProjet,idPrestation) values(90,126);
insert into gta_Associations (idProjet,idPrestation) values(91,127);
insert into gta_Associations (idProjet,idPrestation) values(92,128);
insert into gta_Associations (idProjet,idPrestation) values(80,129);
insert into gta_Associations (idProjet,idPrestation) values(81,130);
insert into gta_Associations (idProjet,idPrestation) values(82,131);
insert into gta_Associations (idProjet,idPrestation) values(83,132);
insert into gta_Associations (idProjet,idPrestation) values(84,133);
insert into gta_Associations (idProjet,idPrestation) values(85,134);
insert into gta_Associations (idProjet,idPrestation) values(86,135);
insert into gta_Associations (idProjet,idPrestation) values(87,136);
insert into gta_Associations (idProjet,idPrestation) values(88,137);
insert into gta_Associations (idProjet,idPrestation) values(89,138);
insert into gta_Associations (idProjet,idPrestation) values(90,139);
insert into gta_Associations (idProjet,idPrestation) values(91,140);
insert into gta_Associations (idProjet,idPrestation) values(92,141);
insert into gta_Associations (idProjet,idPrestation) values(80,142);
insert into gta_Associations (idProjet,idPrestation) values(81,143);
insert into gta_Associations (idProjet,idPrestation) values(82,144);
insert into gta_Associations (idProjet,idPrestation) values(83,145);
insert into gta_Associations (idProjet,idPrestation) values(84,146);
insert into gta_Associations (idProjet,idPrestation) values(85,147);
insert into gta_Associations (idProjet,idPrestation) values(86,148);
insert into gta_Associations (idProjet,idPrestation) values(87,149);
insert into gta_Associations (idProjet,idPrestation) values(88,150);
insert into gta_Associations (idProjet,idPrestation) values(89,151);
insert into gta_Associations (idProjet,idPrestation) values(90,152);
insert into gta_Associations (idProjet,idPrestation) values(91,153);
insert into gta_Associations (idProjet,idPrestation) values(92,154);
insert into gta_Associations (idProjet,idPrestation) values(80,155);
insert into gta_Associations (idProjet,idPrestation) values(81,156);
insert into gta_Associations (idProjet,idPrestation) values(82,157);
insert into gta_Associations (idProjet,idPrestation) values(83,158);
insert into gta_Associations (idProjet,idPrestation) values(84,159);
insert into gta_Associations (idProjet,idPrestation) values(85,160);
insert into gta_Associations (idProjet,idPrestation) values(86,161);
insert into gta_Associations (idProjet,idPrestation) values(87,162);
insert into gta_Associations (idProjet,idPrestation) values(88,163);
insert into gta_Associations (idProjet,idPrestation) values(89,164);
insert into gta_Associations (idProjet,idPrestation) values(90,165);
insert into gta_Associations (idProjet,idPrestation) values(91,166);
insert into gta_Associations (idProjet,idPrestation) values(92,167);
insert into gta_Associations (idProjet,idPrestation) values(80,168);
insert into gta_Associations (idProjet,idPrestation) values(81,169);
insert into gta_Associations (idProjet,idPrestation) values(82,170);
insert into gta_Associations (idProjet,idPrestation) values(83,171);
insert into gta_Associations (idProjet,idPrestation) values(84,172);
insert into gta_Associations (idProjet,idPrestation) values(85,173);
insert into gta_Associations (idProjet,idPrestation) values(86,174);
insert into gta_Associations (idProjet,idPrestation) values(87,175);
insert into gta_Associations (idProjet,idPrestation) values(88,176);
insert into gta_Associations (idProjet,idPrestation) values(89,177);
insert into gta_Associations (idProjet,idPrestation) values(90,178);
insert into gta_Associations (idProjet,idPrestation) values(91,179);
insert into gta_Associations (idProjet,idPrestation) values(92,180);
insert into gta_Associations (idProjet,idPrestation) values(80,181);
insert into gta_Associations (idProjet,idPrestation) values(81,182);
insert into gta_Associations (idProjet,idPrestation) values(82,183);
insert into gta_Associations (idProjet,idPrestation) values(83,184);
insert into gta_Associations (idProjet,idPrestation) values(84,185);
insert into gta_Associations (idProjet,idPrestation) values(85,186);
insert into gta_Associations (idProjet,idPrestation) values(86,187);
insert into gta_Associations (idProjet,idPrestation) values(87,188);
insert into gta_Associations (idProjet,idPrestation) values(88,189);
insert into gta_Associations (idProjet,idPrestation) values(89,190);
insert into gta_Associations (idProjet,idPrestation) values(90,191);
insert into gta_Associations (idProjet,idPrestation) values(91,192);
insert into gta_Associations (idProjet,idPrestation) values(92,193);
insert into gta_Associations (idProjet,idPrestation) values(120,194);
insert into gta_Associations (idProjet,idPrestation) values(121,195);
insert into gta_Associations (idProjet,idPrestation) values(122,196);
insert into gta_Associations (idProjet,idPrestation) values(123,197);
insert into gta_Associations (idProjet,idPrestation) values(124,198);
insert into gta_Associations (idProjet,idPrestation) values(125,199);
insert into gta_Associations (idProjet,idPrestation) values(126,200);
insert into gta_Associations (idProjet,idPrestation) values(127,201);
insert into gta_Associations (idProjet,idPrestation) values(128,202);
insert into gta_Associations (idProjet,idPrestation) values(129,203);
insert into gta_Associations (idProjet,idPrestation) values(130,204);
insert into gta_Associations (idProjet,idPrestation) values(131,205);
insert into gta_Associations (idProjet,idPrestation) values(132,206);
insert into gta_Associations (idProjet,idPrestation) values(133,207);
insert into gta_Associations (idProjet,idPrestation) values(120,208);
insert into gta_Associations (idProjet,idPrestation) values(176,209);
insert into gta_Associations (idProjet,idPrestation) values(177,210);
insert into gta_Associations (idProjet,idPrestation) values(8,211);
insert into gta_Associations (idProjet,idPrestation) values(13,212);
insert into gta_Associations (idProjet,idPrestation) values(15,213);
insert into gta_Associations (idProjet,idPrestation) values(17,214);
insert into gta_Associations (idProjet,idPrestation) values(19,215);
insert into gta_Associations (idProjet,idPrestation) values(22,216);
insert into gta_Associations (idProjet,idPrestation) values(2,217);
insert into gta_Associations (idProjet,idPrestation) values(3,218);
insert into gta_Associations (idProjet,idPrestation) values(99,219);
insert into gta_Associations (idProjet,idPrestation) values(100,220);
insert into gta_Associations (idProjet,idPrestation) values(73,221);
insert into gta_Associations (idProjet,idPrestation) values(102,222);
insert into gta_Associations (idProjet,idPrestation) values(102,223);
insert into gta_Associations (idProjet,idPrestation) values(102,224);
insert into gta_Associations (idProjet,idPrestation) values(102,225);
insert into gta_Associations (idProjet,idPrestation) values(102,226);
insert into gta_Associations (idProjet,idPrestation) values(102,227);
insert into gta_Associations (idProjet,idPrestation) values(102,228);
insert into gta_Associations (idProjet,idPrestation) values(102,229);
insert into gta_Associations (idProjet,idPrestation) values(110,230);
insert into gta_Associations (idProjet,idPrestation) values(110,231);
insert into gta_Associations (idProjet,idPrestation) values(110,232);
insert into gta_Associations (idProjet,idPrestation) values(110,233);
insert into gta_Associations (idProjet,idPrestation) values(110,234);
insert into gta_Associations (idProjet,idPrestation) values(110,235);
insert into gta_Associations (idProjet,idPrestation) values(110,236);
insert into gta_Associations (idProjet,idPrestation) values(110,237);
insert into gta_Associations (idProjet,idPrestation) values(110,238);
insert into gta_Associations (idProjet,idPrestation) values(110,239);


insert into gta_Utilisateurs (idUtilisateur,nomUtilisateur,mailUtilisateur,matriculeUtilisateur,passwordUtilisateur,idUO,idRole,idManager) Values (2,"JOLY CHRISTELLE","CHRISTELLE.JOLY@afpa.fr","04pd005",md5(md5("04pd005")),52,2,2);
insert into gta_Utilisateurs (idUtilisateur,nomUtilisateur,mailUtilisateur,matriculeUtilisateur,passwordUtilisateur,idUO,idRole,idManager) Values (3,"HOUITTE CHRISTOPHE","CHRISTOPHE.HOUITTE@afpa.fr","2103640",md5(md5("2103640")),65,2,3);
insert into gta_Utilisateurs (idUtilisateur,nomUtilisateur,mailUtilisateur,matriculeUtilisateur,passwordUtilisateur,idUO,idRole,idManager) Values (4,"DELESCLUSE FREDERIC","FREDERIC.DELESCLUSE@afpa.fr","99AY013",md5(md5("99AY013")),54,2,4);
insert into gta_Utilisateurs (idUtilisateur,nomUtilisateur,mailUtilisateur,matriculeUtilisateur,passwordUtilisateur,idUO,idRole,idManager) Values (5,"FERARE HERVE","HERVE.FERARE@afpa.fr","93B0097",md5(md5("93B0097")),65,2,5);
insert into gta_Utilisateurs (idUtilisateur,nomUtilisateur,mailUtilisateur,matriculeUtilisateur,passwordUtilisateur,idUO,idRole,idManager) Values (6,"DANEL SYLVIE","SYLVIE.DANEL@afpa.fr","0902661",md5(md5("0902661")),66,2,4);
insert into gta_Utilisateurs (idUtilisateur,nomUtilisateur,mailUtilisateur,matriculeUtilisateur,passwordUtilisateur,idUO,idRole,idManager) Values (7,"DEREMETZ THOMAS","THOMAS.DEREMETZ@afpa.fr","2002914",md5(md5("2002914")),67,2,7);
insert into gta_Utilisateurs (idUtilisateur,nomUtilisateur,mailUtilisateur,matriculeUtilisateur,passwordUtilisateur,idUO,idRole,idManager) Values (8,"AGEZ ADELAIDE","ADELAIDE.AGEZ@afpa.fr","2100565",md5(md5("2100565")),67,1,7);
insert into gta_Utilisateurs (idUtilisateur,nomUtilisateur,mailUtilisateur,matriculeUtilisateur,passwordUtilisateur,idUO,idRole,idManager) Values (9,"LAFORCE ALBERT","ALBERT.LAFORCE@afpa.fr","600941",md5(md5("600941")),9,1,5);
insert into gta_Utilisateurs (idUtilisateur,nomUtilisateur,mailUtilisateur,matriculeUtilisateur,passwordUtilisateur,idUO,idRole,idManager) Values (10,"HOUZIAUX ALBIN","ALBIN.HOUZIAUX@afpa.fr","2203894",md5(md5("2203894")),7,1,3);
insert into gta_Utilisateurs (idUtilisateur,nomUtilisateur,mailUtilisateur,matriculeUtilisateur,passwordUtilisateur,idUO,idRole,idManager) Values (11,"FAUT ALEXANDRE","ALEXANDRE.FAUT@afpa.fr","2200230",md5(md5("2200230")),36,1,3);
insert into gta_Utilisateurs (idUtilisateur,nomUtilisateur,mailUtilisateur,matriculeUtilisateur,passwordUtilisateur,idUO,idRole,idManager) Values (12,"MONTUY AMANDINE","AMANDINE.MONTUY@afpa.fr","2201719",md5(md5("2201719")),52,1,2);
insert into gta_Utilisateurs (idUtilisateur,nomUtilisateur,mailUtilisateur,matriculeUtilisateur,passwordUtilisateur,idUO,idRole,idManager) Values (13,"DEREBREU AMELIE","AMELIE.DEREBREU@afpa.fr","1301971",md5(md5("1301971")),35,1,3);
insert into gta_Utilisateurs (idUtilisateur,nomUtilisateur,mailUtilisateur,matriculeUtilisateur,passwordUtilisateur,idUO,idRole,idManager) Values (14,"LAGOUARDILLE ANDRE","ANDRE.LAGOUARDILLE@afpa.fr","99AY006",md5(md5("99AY006")),40,1,4);
insert into gta_Utilisateurs (idUtilisateur,nomUtilisateur,mailUtilisateur,matriculeUtilisateur,passwordUtilisateur,idUO,idRole,idManager) Values (15,"DISTANTI ANNE","ANNE.DISTANTI@afpa.fr","502772",md5(md5("502772")),65,1,6);
insert into gta_Utilisateurs (idUtilisateur,nomUtilisateur,mailUtilisateur,matriculeUtilisateur,passwordUtilisateur,idUO,idRole,idManager) Values (16,"VILCOT ANNE","ANNE.VILCOT@afpa.fr","2200146",md5(md5("2200146")),33,1,3);
insert into gta_Utilisateurs (idUtilisateur,nomUtilisateur,mailUtilisateur,matriculeUtilisateur,passwordUtilisateur,idUO,idRole,idManager) Values (17,"SINNAEVE ARNAUD","ARNAUD.SINNAEVE@afpa.fr","1703666",md5(md5("1703666")),16,1,3);
insert into gta_Utilisateurs (idUtilisateur,nomUtilisateur,mailUtilisateur,matriculeUtilisateur,passwordUtilisateur,idUO,idRole,idManager) Values (18,"COLIN AUDREY","AUDREY.COLIN@afpa.fr","59a3995",md5(md5("59a3995")),52,1,7);
insert into gta_Utilisateurs (idUtilisateur,nomUtilisateur,mailUtilisateur,matriculeUtilisateur,passwordUtilisateur,idUO,idRole,idManager) Values (19,"PODGORSKI AUDREY","AUDREY.PODGORSKI@afpa.fr","1700684",md5(md5("1700684")),52,1,2);
insert into gta_Utilisateurs (idUtilisateur,nomUtilisateur,mailUtilisateur,matriculeUtilisateur,passwordUtilisateur,idUO,idRole,idManager) Values (20,"POURE BARBARA","BARBARA.POURE@afpa.fr","2001011",md5(md5("2001011")),35,1,5);
insert into gta_Utilisateurs (idUtilisateur,nomUtilisateur,mailUtilisateur,matriculeUtilisateur,passwordUtilisateur,idUO,idRole,idManager) Values (21,"VITSE BETTINA","BETTINA.VITSE@afpa.fr","0502056",md5(md5("0502056")),68,1,2);
insert into gta_Utilisateurs (idUtilisateur,nomUtilisateur,mailUtilisateur,matriculeUtilisateur,passwordUtilisateur,idUO,idRole,idManager) Values (22,"EVRARD BLANDINE","BLANDINE.EVRARD@afpa.fr","96ay011",md5(md5("96ay011")),31,1,5);
insert into gta_Utilisateurs (idUtilisateur,nomUtilisateur,mailUtilisateur,matriculeUtilisateur,passwordUtilisateur,idUO,idRole,idManager) Values (23,"LOGEZ CAROLE","CAROLE.LOGEZ@afpa.fr","700366",md5(md5("700366")),52,1,2);
insert into gta_Utilisateurs (idUtilisateur,nomUtilisateur,mailUtilisateur,matriculeUtilisateur,passwordUtilisateur,idUO,idRole,idManager) Values (24,"DELESCLUSE CATHERINE","CATHERINE.DELESCLUSE@afpa.fr","1501505",md5(md5("1501505")),52,1,2);
insert into gta_Utilisateurs (idUtilisateur,nomUtilisateur,mailUtilisateur,matriculeUtilisateur,passwordUtilisateur,idUO,idRole,idManager) Values (25,"FAUQUEMBERGUE CATHERINE","CATHERINE.FAUQUEMBERGUE@afpa.fr","01CN016",md5(md5("01CN016")),52,1,2);
insert into gta_Utilisateurs (idUtilisateur,nomUtilisateur,mailUtilisateur,matriculeUtilisateur,passwordUtilisateur,idUO,idRole,idManager) Values (26,"VINCENT CATHERINE","CATHERINE.VINCENT@afpa.fr","2001772",md5(md5("2001772")),52,1,2);
insert into gta_Utilisateurs (idUtilisateur,nomUtilisateur,mailUtilisateur,matriculeUtilisateur,passwordUtilisateur,idUO,idRole,idManager) Values (27,"KOWALEWSKI CEDRIC","CEDRIC.KOWALEWSKI@afpa.fr","0801355",md5(md5("0801355")),47,1,3);
insert into gta_Utilisateurs (idUtilisateur,nomUtilisateur,mailUtilisateur,matriculeUtilisateur,passwordUtilisateur,idUO,idRole,idManager) Values (28,"VEROVE CELINE","CELINE.VEROVE@afpa.fr","2200450",md5(md5("2200450")),52,1,2);
insert into gta_Utilisateurs (idUtilisateur,nomUtilisateur,mailUtilisateur,matriculeUtilisateur,passwordUtilisateur,idUO,idRole,idManager) Values (29,"PETIT CHARLOTTE","CHARLOTTE.PETIT@afpa.fr","2202862",md5(md5("2202862")),26,1,3);
insert into gta_Utilisateurs (idUtilisateur,nomUtilisateur,mailUtilisateur,matriculeUtilisateur,passwordUtilisateur,idUO,idRole,idManager) Values (30,"FICQUET CHRISTOPHE","CHRISTOPHE.FICQUET@afpa.fr","1700978",md5(md5("1700978")),26,1,3);
insert into gta_Utilisateurs (idUtilisateur,nomUtilisateur,mailUtilisateur,matriculeUtilisateur,passwordUtilisateur,idUO,idRole,idManager) Values (31,"MILLE CHRISTOPHE","CHRISTOPHE.MILLE@afpa.fr","1800665",md5(md5("1800665")),26,1,3);
insert into gta_Utilisateurs (idUtilisateur,nomUtilisateur,mailUtilisateur,matriculeUtilisateur,passwordUtilisateur,idUO,idRole,idManager) Values (32,"VANBAELINGHEM CHRISTOPHE","CHRISTOPHE.VANBAELINGHEM@afpa.fr","2001329",md5(md5("2001329")),48,1,5);
insert into gta_Utilisateurs (idUtilisateur,nomUtilisateur,mailUtilisateur,matriculeUtilisateur,passwordUtilisateur,idUO,idRole,idManager) Values (33,"POUDRE CLEMENT","CLEMENT.POUDRE@afpa.fr","1902692",md5(md5("1902692")),54,1,4);
insert into gta_Utilisateurs (idUtilisateur,nomUtilisateur,mailUtilisateur,matriculeUtilisateur,passwordUtilisateur,idUO,idRole,idManager) Values (34,"ROUVILLOIS DAVID","DAVID.ROUVILLOIS@afpa.fr","0700760",md5(md5("0700760")),16,1,5);
insert into gta_Utilisateurs (idUtilisateur,nomUtilisateur,mailUtilisateur,matriculeUtilisateur,passwordUtilisateur,idUO,idRole,idManager) Values (35,"TAFFIN DAVID","DAVID.TAFFIN@afpa.fr","2100904",md5(md5("2100904")),67,1,7);
insert into gta_Utilisateurs (idUtilisateur,nomUtilisateur,mailUtilisateur,matriculeUtilisateur,passwordUtilisateur,idUO,idRole,idManager) Values (36,"VERRAES DELPHINE","DELPHINE.VERRAES@afpa.fr","0601295",md5(md5("0601295")),65,1,6);
insert into gta_Utilisateurs (idUtilisateur,nomUtilisateur,mailUtilisateur,matriculeUtilisateur,passwordUtilisateur,idUO,idRole,idManager) Values (37,"LACHEVRE DOROTHEE","DOROTHEE.LACHEVRE@afpa.fr","1603026",md5(md5("1603026")),65,1,6);
insert into gta_Utilisateurs (idUtilisateur,nomUtilisateur,mailUtilisateur,matriculeUtilisateur,passwordUtilisateur,idUO,idRole,idManager) Values (38,"ZIEMNIAK ELISABETH","ELISABETH.ZIEMNIAK@afpa.fr","2002421",md5(md5("2002421")),52,1,2);
insert into gta_Utilisateurs (idUtilisateur,nomUtilisateur,mailUtilisateur,matriculeUtilisateur,passwordUtilisateur,idUO,idRole,idManager) Values (39,"DEGROOTE ELODIE","ELODIE.DEGROOTE@afpa.fr","700665",md5(md5("700665")),46,1,3);
insert into gta_Utilisateurs (idUtilisateur,nomUtilisateur,mailUtilisateur,matriculeUtilisateur,passwordUtilisateur,idUO,idRole,idManager) Values (40,"DUFOSSE ESTHERINA","ESTHERINA.DUFOSSE@afpa.fr","1903048",md5(md5("1903048")),52,1,2);
insert into gta_Utilisateurs (idUtilisateur,nomUtilisateur,mailUtilisateur,matriculeUtilisateur,passwordUtilisateur,idUO,idRole,idManager) Values (41,"FARDEL FANNY","FANNY.FARDEL@afpa.fr","2202749",md5(md5("2202749")),54,3,4);
insert into gta_Utilisateurs (idUtilisateur,nomUtilisateur,mailUtilisateur,matriculeUtilisateur,passwordUtilisateur,idUO,idRole,idManager) Values (42,"HAVARD FRANCIS","FRANCIS.HAVARD@afpa.fr","94A0021",md5(md5("94A0021")),9,1,5);
insert into gta_Utilisateurs (idUtilisateur,nomUtilisateur,mailUtilisateur,matriculeUtilisateur,passwordUtilisateur,idUO,idRole,idManager) Values (43,"FERAND FRANCK","FRANCK.FERAND@afpa.fr","95BX011",md5(md5("95BX011")),63,1,5);
insert into gta_Utilisateurs (idUtilisateur,nomUtilisateur,mailUtilisateur,matriculeUtilisateur,passwordUtilisateur,idUO,idRole,idManager) Values (44,"DEBUE FRANCOIS","FRANCOIS.DEBUE@afpa.fr","2202471",md5(md5("2202471")),33,1,3);
insert into gta_Utilisateurs (idUtilisateur,nomUtilisateur,mailUtilisateur,matriculeUtilisateur,passwordUtilisateur,idUO,idRole,idManager) Values (45,"FONTOWICZ FREDERIC","FREDERIC.FONTOWICZ@afpa.fr","0603230",md5(md5("0603230")),47,1,3);
insert into gta_Utilisateurs (idUtilisateur,nomUtilisateur,mailUtilisateur,matriculeUtilisateur,passwordUtilisateur,idUO,idRole,idManager) Values (46,"THOMAS FREDERIC","FREDERIC.THOMAS@afpa.fr","1500389",md5(md5("1500389")),9,1,3);
insert into gta_Utilisateurs (idUtilisateur,nomUtilisateur,mailUtilisateur,matriculeUtilisateur,passwordUtilisateur,idUO,idRole,idManager) Values (47,"FOURNET HELENE","HELENE.FOURNET@afpa.fr","1802963",md5(md5("1802963")),37,1,3);
insert into gta_Utilisateurs (idUtilisateur,nomUtilisateur,mailUtilisateur,matriculeUtilisateur,passwordUtilisateur,idUO,idRole,idManager) Values (48,"BUTTERDROGHE HERVE","HERVE.BUTTERDROGHE@afpa.fr","503241",md5(md5("503241")),24,1,3);
insert into gta_Utilisateurs (idUtilisateur,nomUtilisateur,mailUtilisateur,matriculeUtilisateur,passwordUtilisateur,idUO,idRole,idManager) Values (49,"JOUSSE HERVE","HERVE.JOUSSE@afpa.fr","99AY015",md5(md5("99AY015")),35,1,5);
insert into gta_Utilisateurs (idUtilisateur,nomUtilisateur,mailUtilisateur,matriculeUtilisateur,passwordUtilisateur,idUO,idRole,idManager) Values (50,"JACQUET JACQUELINE","JACQUELINE.JACQUET@afpa.fr","1802891",md5(md5("1802891")),48,1,5);
insert into gta_Utilisateurs (idUtilisateur,nomUtilisateur,mailUtilisateur,matriculeUtilisateur,passwordUtilisateur,idUO,idRole,idManager) Values (51,"DEHEM JEAN BERNARD","JEAN-BERNARD.DEHEM@afpa.fr","1802730",md5(md5("1802730")),32,1,3);
insert into gta_Utilisateurs (idUtilisateur,nomUtilisateur,mailUtilisateur,matriculeUtilisateur,passwordUtilisateur,idUO,idRole,idManager) Values (52,"BATSIK JEAN PAUL","JEAN-PAUL.BATSIK@afpa.fr","1000435",md5(md5("1000435")),36,1,3);
insert into gta_Utilisateurs (idUtilisateur,nomUtilisateur,mailUtilisateur,matriculeUtilisateur,passwordUtilisateur,idUO,idRole,idManager) Values (53,"SONNECK JEAN RENE","JEAN-RENE.SONNECK@afpa.fr","2200242",md5(md5("2200242")),49,1,2);
insert into gta_Utilisateurs (idUtilisateur,nomUtilisateur,mailUtilisateur,matriculeUtilisateur,passwordUtilisateur,idUO,idRole,idManager) Values (54,"GHARBI KARIM","KARIM.GHARBI@afpa.fr","902067",md5(md5("902067")),19,1,3);
insert into gta_Utilisateurs (idUtilisateur,nomUtilisateur,mailUtilisateur,matriculeUtilisateur,passwordUtilisateur,idUO,idRole,idManager) Values (55,"DISSAUX KARINE","KARINE.DISSAUX@afpa.fr","1700676",md5(md5("1700676")),52,1,2);
insert into gta_Utilisateurs (idUtilisateur,nomUtilisateur,mailUtilisateur,matriculeUtilisateur,passwordUtilisateur,idUO,idRole,idManager) Values (56,"BOCQUET LAURENCE","LAURENCE.BOCQUET@afpa.fr","902456",md5(md5("902456")),52,1,2);
insert into gta_Utilisateurs (idUtilisateur,nomUtilisateur,mailUtilisateur,matriculeUtilisateur,passwordUtilisateur,idUO,idRole,idManager) Values (57,"CARON LAURENCE","LAURENCE.CARON@afpa.fr","0600290",md5(md5("0600290")),52,1,2);
insert into gta_Utilisateurs (idUtilisateur,nomUtilisateur,mailUtilisateur,matriculeUtilisateur,passwordUtilisateur,idUO,idRole,idManager) Values (58,"BECU LOIC","LOIC.BECU@afpa.fr","0700804",md5(md5("0700804")),59,1,6);
insert into gta_Utilisateurs (idUtilisateur,nomUtilisateur,mailUtilisateur,matriculeUtilisateur,passwordUtilisateur,idUO,idRole,idManager) Values (59,"BLONDEEL LUDOVIC","LUDOVIC.BLONDEEL@afpa.fr","00AM013",md5(md5("00AM013")),66,1,4);
insert into gta_Utilisateurs (idUtilisateur,nomUtilisateur,mailUtilisateur,matriculeUtilisateur,passwordUtilisateur,idUO,idRole,idManager) Values (60,"DELATTRE LUDOVIC","LUDOVIC.DELATTRE@afpa.fr","1704977",md5(md5("1704977")),40,1,5);
insert into gta_Utilisateurs (idUtilisateur,nomUtilisateur,mailUtilisateur,matriculeUtilisateur,passwordUtilisateur,idUO,idRole,idManager) Values (61,"DUQUENOY LUDOVIC","LUDOVIC.DUQUENOY@afpa.fr","703525",md5(md5("703525")),39,1,5);
insert into gta_Utilisateurs (idUtilisateur,nomUtilisateur,mailUtilisateur,matriculeUtilisateur,passwordUtilisateur,idUO,idRole,idManager) Values (62,"GALANT MARIE","MARIE.GALANT@afpa.fr","2102782",md5(md5("2102782")),52,1,2);
insert into gta_Utilisateurs (idUtilisateur,nomUtilisateur,mailUtilisateur,matriculeUtilisateur,passwordUtilisateur,idUO,idRole,idManager) Values (63,"PLANCKE MARIE","MARIE.PLANCKE@afpa.fr","2203603",md5(md5("2203603")),47,1,3);
insert into gta_Utilisateurs (idUtilisateur,nomUtilisateur,mailUtilisateur,matriculeUtilisateur,passwordUtilisateur,idUO,idRole,idManager) Values (64,"LANDRAGIN MARIE CATHERINE","MARIE-CATHERINE.LANDRAGIN@afpa.fr","0703770",md5(md5("0703770")),49,1,2);
insert into gta_Utilisateurs (idUtilisateur,nomUtilisateur,mailUtilisateur,matriculeUtilisateur,passwordUtilisateur,idUO,idRole,idManager) Values (65,"REYMBAUT MARIE HELENE","MARIE-HELENE.REYMBAUT@afpa.fr","03CF044",md5(md5("03CF044")),46,1,5);
insert into gta_Utilisateurs (idUtilisateur,nomUtilisateur,mailUtilisateur,matriculeUtilisateur,passwordUtilisateur,idUO,idRole,idManager) Values (66,"POIX MARTINE","MARTINE.POIX@afpa.fr","1701871",md5(md5("1701871")),36,1,3);
insert into gta_Utilisateurs (idUtilisateur,nomUtilisateur,mailUtilisateur,matriculeUtilisateur,passwordUtilisateur,idUO,idRole,idManager) Values (67,"MARECHAL MARYLINE","MARYLINE.MARECHAL@afpa.fr","89CN003",md5(md5("89CN003")),65,1,6);
insert into gta_Utilisateurs (idUtilisateur,nomUtilisateur,mailUtilisateur,matriculeUtilisateur,passwordUtilisateur,idUO,idRole,idManager) Values (68,"MELSEN MARYLINE","MARYLINE.MELSEN@afpa.fr","1701467",md5(md5("1701467")),31,1,3);
insert into gta_Utilisateurs (idUtilisateur,nomUtilisateur,mailUtilisateur,matriculeUtilisateur,passwordUtilisateur,idUO,idRole,idManager) Values (69,"DELPIERRE NATHALIE","NATHALIE.DELPIERRE@afpa.fr","2003048",md5(md5("2003048")),31,1,3);
insert into gta_Utilisateurs (idUtilisateur,nomUtilisateur,mailUtilisateur,matriculeUtilisateur,passwordUtilisateur,idUO,idRole,idManager) Values (70,"BONVOISIN NICOLAS","NICOLAS.BONVOISIN@afpa.fr","2200232",md5(md5("2200232")),67,1,7);
insert into gta_Utilisateurs (idUtilisateur,nomUtilisateur,mailUtilisateur,matriculeUtilisateur,passwordUtilisateur,idUO,idRole,idManager) Values (71,"DUCHESNE OLIVIER","OLIVIER.DUCHESNE@afpa.fr","98CD008",md5(md5("98CD008")),52,1,3);
insert into gta_Utilisateurs (idUtilisateur,nomUtilisateur,mailUtilisateur,matriculeUtilisateur,passwordUtilisateur,idUO,idRole,idManager) Values (72,"FOURE OLIVIER","OLIVIER.FOURE@afpa.fr","1602896",md5(md5("1602896")),5,1,5);
insert into gta_Utilisateurs (idUtilisateur,nomUtilisateur,mailUtilisateur,matriculeUtilisateur,passwordUtilisateur,idUO,idRole,idManager) Values (73,"OFFRE PASCAL","PASCAL.OFFRE@afpa.fr","99AY014",md5(md5("99AY014")),40,1,5);
insert into gta_Utilisateurs (idUtilisateur,nomUtilisateur,mailUtilisateur,matriculeUtilisateur,passwordUtilisateur,idUO,idRole,idManager) Values (74,"WALLOT PASCALE","PASCALE.WALLOT@afpa.fr","83CN008",md5(md5("83CN008")),65,1,6);
insert into gta_Utilisateurs (idUtilisateur,nomUtilisateur,mailUtilisateur,matriculeUtilisateur,passwordUtilisateur,idUO,idRole,idManager) Values (75,"VEZILIER PHILIPPE","PHILIPPE.VEZILIER@afpa.fr","97AM007",md5(md5("97AM007")),17,1,5);
insert into gta_Utilisateurs (idUtilisateur,nomUtilisateur,mailUtilisateur,matriculeUtilisateur,passwordUtilisateur,idUO,idRole,idManager) Values (76,"RIVET PIERRE","PIERRE.RIVET@afpa.fr","703523",md5(md5("703523")),7,1,5);
insert into gta_Utilisateurs (idUtilisateur,nomUtilisateur,mailUtilisateur,matriculeUtilisateur,passwordUtilisateur,idUO,idRole,idManager) Values (77,"DEVRED ROMAIN","ROMAIN.DEVRED@afpa.fr","2103770",md5(md5("2103770")),36,1,3);
insert into gta_Utilisateurs (idUtilisateur,nomUtilisateur,mailUtilisateur,matriculeUtilisateur,passwordUtilisateur,idUO,idRole,idManager) Values (78,"SCHMIDLIN ROSE MARIE","ROSE-MARIE.SCHMIDLIN@afpa.fr","91CN005",md5(md5("91CN005")),65,1,6);
insert into gta_Utilisateurs (idUtilisateur,nomUtilisateur,mailUtilisateur,matriculeUtilisateur,passwordUtilisateur,idUO,idRole,idManager) Values (79,"DOIGNEAUX SABRINA","SABRINA.DOIGNEAUX@afpa.fr","2201746",md5(md5("2201746")),52,1,3);
insert into gta_Utilisateurs (idUtilisateur,nomUtilisateur,mailUtilisateur,matriculeUtilisateur,passwordUtilisateur,idUO,idRole,idManager) Values (80,"ZAGDOUDI SALSABIL","SALSABIL.ZAGDOUDI@afpa.fr","2202719",md5(md5("2202719")),36,1,5);
insert into gta_Utilisateurs (idUtilisateur,nomUtilisateur,mailUtilisateur,matriculeUtilisateur,passwordUtilisateur,idUO,idRole,idManager) Values (81,"GOBFERT SANDRINE","SANDRINE.GOBFERT@afpa.fr","92AY004",md5(md5("92AY004")),65,1,6);
insert into gta_Utilisateurs (idUtilisateur,nomUtilisateur,mailUtilisateur,matriculeUtilisateur,passwordUtilisateur,idUO,idRole,idManager) Values (82,"GUILLOT SOPHIE","SOPHIE.GUILLOT@afpa.fr","1402293",md5(md5("1402293")),31,1,5);
insert into gta_Utilisateurs (idUtilisateur,nomUtilisateur,mailUtilisateur,matriculeUtilisateur,passwordUtilisateur,idUO,idRole,idManager) Values (83,"BALLET STEPHANE","STEPHANE.BALLET@afpa.fr","02BX015",md5(md5("02BX015")),26,1,3);
insert into gta_Utilisateurs (idUtilisateur,nomUtilisateur,mailUtilisateur,matriculeUtilisateur,passwordUtilisateur,idUO,idRole,idManager) Values (84,"CRISPILS STEPHANIE","STEPHANIE.CRISPILS@afpa.fr","1803602",md5(md5("1803602")),65,1,6);
insert into gta_Utilisateurs (idUtilisateur,nomUtilisateur,mailUtilisateur,matriculeUtilisateur,passwordUtilisateur,idUO,idRole,idManager) Values (85,"DEBUCHY STEPHANIE","STEPHANIE.DEBUCHY@afpa.fr","2102208",md5(md5("2102208")),48,1,3);
insert into gta_Utilisateurs (idUtilisateur,nomUtilisateur,mailUtilisateur,matriculeUtilisateur,passwordUtilisateur,idUO,idRole,idManager) Values (86,"HANNEQUIN SYLVIE","SYLVIE.HANNEQUIN@afpa.fr","82CN001",md5(md5("82CN001")),54,3,4);
insert into gta_Utilisateurs (idUtilisateur,nomUtilisateur,mailUtilisateur,matriculeUtilisateur,passwordUtilisateur,idUO,idRole,idManager) Values (87,"JACQUART SYLVIE","SYLVIE.JACQUART@afpa.fr","01AM007",md5(md5("01AM007")),68,1,2);
insert into gta_Utilisateurs (idUtilisateur,nomUtilisateur,mailUtilisateur,matriculeUtilisateur,passwordUtilisateur,idUO,idRole,idManager) Values (88,"LECLERCQ SYLVIE","SYLVIE.LECLERCQ@afpa.fr","2202469",md5(md5("2202469")),33,1,3);
insert into gta_Utilisateurs (idUtilisateur,nomUtilisateur,mailUtilisateur,matriculeUtilisateur,passwordUtilisateur,idUO,idRole,idManager) Values (89,"BREMONT VALERIE","VALERIE.BREMONT@afpa.fr","2001132",md5(md5("2001132")),68,1,2);
insert into gta_Utilisateurs (idUtilisateur,nomUtilisateur,mailUtilisateur,matriculeUtilisateur,passwordUtilisateur,idUO,idRole,idManager) Values (90,"GENU VALERIE","VALERIE.GENU@afpa.fr","1600400",md5(md5("1600400")),52,1,2);
insert into gta_Utilisateurs (idUtilisateur,nomUtilisateur,mailUtilisateur,matriculeUtilisateur,passwordUtilisateur,idUO,idRole,idManager) Values (91,"RICHARD VALERIE","VALERIE.RICHARD@afpa.fr","1701582",md5(md5("1701582")),52,1,2);
insert into gta_Utilisateurs (idUtilisateur,nomUtilisateur,mailUtilisateur,matriculeUtilisateur,passwordUtilisateur,idUO,idRole,idManager) Values (92,"MONSTERLET VANESSA","VANESSA.MONSTERLET@afpa.fr","2002340",md5(md5("2002340")),52,1,2);
insert into gta_Utilisateurs (idUtilisateur,nomUtilisateur,mailUtilisateur,matriculeUtilisateur,passwordUtilisateur,idUO,idRole,idManager) Values (93,"VANDEN BERGUE VERONIQUE","VERONIQUE.VANDENBERGUE@afpa.fr","02CG006",md5(md5("02CG006")),52,1,2);
insert into gta_Utilisateurs (idUtilisateur,nomUtilisateur,mailUtilisateur,matriculeUtilisateur,passwordUtilisateur,idUO,idRole,idManager) Values (94,"DEWET VIRGINIE","VIRGINIE.DEWET@afpa.fr","1800315",md5(md5("1800315")),46,1,3);
insert into gta_Utilisateurs (idUtilisateur,nomUtilisateur,mailUtilisateur,matriculeUtilisateur,passwordUtilisateur,idUO,idRole,idManager) Values (95,"LHERBIER XAVIER","XAVIER.LHERBIER@afpa.fr","800683",md5(md5("800683")),8,1,5);
insert into gta_Utilisateurs (idUtilisateur,nomUtilisateur,mailUtilisateur,matriculeUtilisateur,passwordUtilisateur,idUO,idRole,idManager) Values (96,"VITSE XAVIER","XAVIER.VITSE@afpa.fr","1200897",md5(md5("1200897")),7,1,3);
insert into gta_Utilisateurs (idUtilisateur,nomUtilisateur,mailUtilisateur,matriculeUtilisateur,passwordUtilisateur,idUO,idRole,idManager) Values (97,"KHEMSINE YANIS","YANIS.KHEMSINE@afpa.fr","2203688",md5(md5("2203688")),54,1,5);

insert into gta_Contrats (idCentre,idUtilisateur,dateDebutContrat,dateFinContrat) Values (3,1,"2023-01-01","2099-12-31");
insert into gta_Contrats (idCentre,idUtilisateur,dateDebutContrat,dateFinContrat) Values (15,2,"2023-01-01","2099-12-31");
insert into gta_Contrats (idCentre,idUtilisateur,dateDebutContrat,dateFinContrat) Values (3,3,"2023-01-01","2099-12-31");
insert into gta_Contrats (idCentre,idUtilisateur,dateDebutContrat,dateFinContrat) Values (15,4,"2023-01-01","2099-12-31");
insert into gta_Contrats (idCentre,idUtilisateur,dateDebutContrat,dateFinContrat) Values (15,5,"2023-01-01","2099-12-31");
insert into gta_Contrats (idCentre,idUtilisateur,dateDebutContrat,dateFinContrat) Values (15,6,"2023-01-01","2099-12-31");
insert into gta_Contrats (idCentre,idUtilisateur,dateDebutContrat,dateFinContrat) Values (15,7,"2023-01-01","2099-12-31");
insert into gta_Contrats (idCentre,idUtilisateur,dateDebutContrat,dateFinContrat) Values (3,8,"2023-01-01","2099-12-31");
insert into gta_Contrats (idCentre,idUtilisateur,dateDebutContrat,dateFinContrat) Values (3,9,"2023-01-01","2099-12-31");
insert into gta_Contrats (idCentre,idUtilisateur,dateDebutContrat,dateFinContrat) Values (3,10,"2023-01-01","2099-12-31");
insert into gta_Contrats (idCentre,idUtilisateur,dateDebutContrat,dateFinContrat) Values (3,11,"2023-01-01","2099-12-31");
insert into gta_Contrats (idCentre,idUtilisateur,dateDebutContrat,dateFinContrat) Values (15,12,"2023-01-01","2099-12-31");
insert into gta_Contrats (idCentre,idUtilisateur,dateDebutContrat,dateFinContrat) Values (3,13,"2023-01-01","2099-12-31");
insert into gta_Contrats (idCentre,idUtilisateur,dateDebutContrat,dateFinContrat) Values (15,14,"2023-01-01","2099-12-31");
insert into gta_Contrats (idCentre,idUtilisateur,dateDebutContrat,dateFinContrat) Values (3,15,"2023-01-01","2099-12-31");
insert into gta_Contrats (idCentre,idUtilisateur,dateDebutContrat,dateFinContrat) Values (3,16,"2023-01-01","2099-12-31");
insert into gta_Contrats (idCentre,idUtilisateur,dateDebutContrat,dateFinContrat) Values (3,17,"2023-01-01","2099-12-31");
insert into gta_Contrats (idCentre,idUtilisateur,dateDebutContrat,dateFinContrat) Values (15,18,"2023-01-01","2099-12-31");
insert into gta_Contrats (idCentre,idUtilisateur,dateDebutContrat,dateFinContrat) Values (15,19,"2023-01-01","2099-12-31");
insert into gta_Contrats (idCentre,idUtilisateur,dateDebutContrat,dateFinContrat) Values (3,20,"2023-01-01","2099-12-31");
insert into gta_Contrats (idCentre,idUtilisateur,dateDebutContrat,dateFinContrat) Values (21,21,"2023-01-01","2099-12-31");
insert into gta_Contrats (idCentre,idUtilisateur,dateDebutContrat,dateFinContrat) Values (3,22,"2023-01-01","2099-12-31");
insert into gta_Contrats (idCentre,idUtilisateur,dateDebutContrat,dateFinContrat) Values (3,23,"2023-01-01","2099-12-31");
insert into gta_Contrats (idCentre,idUtilisateur,dateDebutContrat,dateFinContrat) Values (3,24,"2023-01-01","2099-12-31");
insert into gta_Contrats (idCentre,idUtilisateur,dateDebutContrat,dateFinContrat) Values (3,25,"2023-01-01","2099-12-31");
insert into gta_Contrats (idCentre,idUtilisateur,dateDebutContrat,dateFinContrat) Values (15,26,"2023-01-01","2099-12-31");
insert into gta_Contrats (idCentre,idUtilisateur,dateDebutContrat,dateFinContrat) Values (3,27,"2023-01-01","2099-12-31");
insert into gta_Contrats (idCentre,idUtilisateur,dateDebutContrat,dateFinContrat) Values (3,28,"2023-01-01","2099-12-31");
insert into gta_Contrats (idCentre,idUtilisateur,dateDebutContrat,dateFinContrat) Values (3,29,"2023-01-01","2099-12-31");
insert into gta_Contrats (idCentre,idUtilisateur,dateDebutContrat,dateFinContrat) Values (3,30,"2023-01-01","2099-12-31");
insert into gta_Contrats (idCentre,idUtilisateur,dateDebutContrat,dateFinContrat) Values (3,31,"2023-01-01","2099-12-31");
insert into gta_Contrats (idCentre,idUtilisateur,dateDebutContrat,dateFinContrat) Values (15,32,"2023-01-01","2099-12-31");
insert into gta_Contrats (idCentre,idUtilisateur,dateDebutContrat,dateFinContrat) Values (3,33,"2023-01-01","2099-12-31");
insert into gta_Contrats (idCentre,idUtilisateur,dateDebutContrat,dateFinContrat) Values (3,34,"2023-01-01","2099-12-31");
insert into gta_Contrats (idCentre,idUtilisateur,dateDebutContrat,dateFinContrat) Values (15,35,"2023-01-01","2099-12-31");
insert into gta_Contrats (idCentre,idUtilisateur,dateDebutContrat,dateFinContrat) Values (3,36,"2023-01-01","2099-12-31");
insert into gta_Contrats (idCentre,idUtilisateur,dateDebutContrat,dateFinContrat) Values (15,37,"2023-01-01","2099-12-31");
insert into gta_Contrats (idCentre,idUtilisateur,dateDebutContrat,dateFinContrat) Values (3,38,"2023-01-01","2099-12-31");
insert into gta_Contrats (idCentre,idUtilisateur,dateDebutContrat,dateFinContrat) Values (3,39,"2023-01-01","2099-12-31");
insert into gta_Contrats (idCentre,idUtilisateur,dateDebutContrat,dateFinContrat) Values (15,40,"2023-01-01","2099-12-31");
insert into gta_Contrats (idCentre,idUtilisateur,dateDebutContrat,dateFinContrat) Values (3,41,"2023-01-01","2099-12-31");
insert into gta_Contrats (idCentre,idUtilisateur,dateDebutContrat,dateFinContrat) Values (3,42,"2023-01-01","2099-12-31");
insert into gta_Contrats (idCentre,idUtilisateur,dateDebutContrat,dateFinContrat) Values (3,43,"2023-01-01","2099-12-31");
insert into gta_Contrats (idCentre,idUtilisateur,dateDebutContrat,dateFinContrat) Values (3,44,"2023-01-01","2099-12-31");
insert into gta_Contrats (idCentre,idUtilisateur,dateDebutContrat,dateFinContrat) Values (3,45,"2023-01-01","2099-12-31");
insert into gta_Contrats (idCentre,idUtilisateur,dateDebutContrat,dateFinContrat) Values (3,46,"2023-01-01","2099-12-31");
insert into gta_Contrats (idCentre,idUtilisateur,dateDebutContrat,dateFinContrat) Values (3,47,"2023-01-01","2099-12-31");
insert into gta_Contrats (idCentre,idUtilisateur,dateDebutContrat,dateFinContrat) Values (3,48,"2023-01-01","2099-12-31");
insert into gta_Contrats (idCentre,idUtilisateur,dateDebutContrat,dateFinContrat) Values (15,49,"2023-01-01","2099-12-31");
insert into gta_Contrats (idCentre,idUtilisateur,dateDebutContrat,dateFinContrat) Values (3,50,"2023-01-01","2099-12-31");
insert into gta_Contrats (idCentre,idUtilisateur,dateDebutContrat,dateFinContrat) Values (3,51,"2023-01-01","2099-12-31");
insert into gta_Contrats (idCentre,idUtilisateur,dateDebutContrat,dateFinContrat) Values (3,52,"2023-01-01","2099-12-31");
insert into gta_Contrats (idCentre,idUtilisateur,dateDebutContrat,dateFinContrat) Values (15,53,"2023-01-01","2099-12-31");
insert into gta_Contrats (idCentre,idUtilisateur,dateDebutContrat,dateFinContrat) Values (3,54,"2023-01-01","2099-12-31");
insert into gta_Contrats (idCentre,idUtilisateur,dateDebutContrat,dateFinContrat) Values (15,55,"2023-01-01","2099-12-31");
insert into gta_Contrats (idCentre,idUtilisateur,dateDebutContrat,dateFinContrat) Values (15,56,"2023-01-01","2099-12-31");
insert into gta_Contrats (idCentre,idUtilisateur,dateDebutContrat,dateFinContrat) Values (15,57,"2023-01-01","2099-12-31");
insert into gta_Contrats (idCentre,idUtilisateur,dateDebutContrat,dateFinContrat) Values (20,58,"2023-01-01","2099-12-31");
insert into gta_Contrats (idCentre,idUtilisateur,dateDebutContrat,dateFinContrat) Values (15,59,"2023-01-01","2099-12-31");
insert into gta_Contrats (idCentre,idUtilisateur,dateDebutContrat,dateFinContrat) Values (15,60,"2023-01-01","2099-12-31");
insert into gta_Contrats (idCentre,idUtilisateur,dateDebutContrat,dateFinContrat) Values (15,61,"2023-01-01","2099-12-31");
insert into gta_Contrats (idCentre,idUtilisateur,dateDebutContrat,dateFinContrat) Values (15,62,"2023-01-01","2099-12-31");
insert into gta_Contrats (idCentre,idUtilisateur,dateDebutContrat,dateFinContrat) Values (3,63,"2023-01-01","2099-12-31");
insert into gta_Contrats (idCentre,idUtilisateur,dateDebutContrat,dateFinContrat) Values (15,64,"2023-01-01","2099-12-31");
insert into gta_Contrats (idCentre,idUtilisateur,dateDebutContrat,dateFinContrat) Values (3,65,"2023-01-01","2099-12-31");
insert into gta_Contrats (idCentre,idUtilisateur,dateDebutContrat,dateFinContrat) Values (3,66,"2023-01-01","2099-12-31");
insert into gta_Contrats (idCentre,idUtilisateur,dateDebutContrat,dateFinContrat) Values (3,67,"2023-01-01","2099-12-31");
insert into gta_Contrats (idCentre,idUtilisateur,dateDebutContrat,dateFinContrat) Values (3,68,"2023-01-01","2099-12-31");
insert into gta_Contrats (idCentre,idUtilisateur,dateDebutContrat,dateFinContrat) Values (3,69,"2023-01-01","2099-12-31");
insert into gta_Contrats (idCentre,idUtilisateur,dateDebutContrat,dateFinContrat) Values (3,70,"2023-01-01","2099-12-31");
insert into gta_Contrats (idCentre,idUtilisateur,dateDebutContrat,dateFinContrat) Values (3,71,"2023-01-01","2099-12-31");
insert into gta_Contrats (idCentre,idUtilisateur,dateDebutContrat,dateFinContrat) Values (15,72,"2023-01-01","2099-12-31");
insert into gta_Contrats (idCentre,idUtilisateur,dateDebutContrat,dateFinContrat) Values (3,73,"2023-01-01","2099-12-31");
insert into gta_Contrats (idCentre,idUtilisateur,dateDebutContrat,dateFinContrat) Values (3,74,"2023-01-01","2099-12-31");
insert into gta_Contrats (idCentre,idUtilisateur,dateDebutContrat,dateFinContrat) Values (15,75,"2023-01-01","2099-12-31");
insert into gta_Contrats (idCentre,idUtilisateur,dateDebutContrat,dateFinContrat) Values (15,76,"2023-01-01","2099-12-31");
insert into gta_Contrats (idCentre,idUtilisateur,dateDebutContrat,dateFinContrat) Values (3,77,"2023-01-01","2099-12-31");
insert into gta_Contrats (idCentre,idUtilisateur,dateDebutContrat,dateFinContrat) Values (3,78,"2023-01-01","2099-12-31");
insert into gta_Contrats (idCentre,idUtilisateur,dateDebutContrat,dateFinContrat) Values (3,79,"2023-01-01","2099-12-31");
insert into gta_Contrats (idCentre,idUtilisateur,dateDebutContrat,dateFinContrat) Values (15,80,"2023-01-01","2099-12-31");
insert into gta_Contrats (idCentre,idUtilisateur,dateDebutContrat,dateFinContrat) Values (15,81,"2023-01-01","2099-12-31");
insert into gta_Contrats (idCentre,idUtilisateur,dateDebutContrat,dateFinContrat) Values (15,82,"2023-01-01","2099-12-31");
insert into gta_Contrats (idCentre,idUtilisateur,dateDebutContrat,dateFinContrat) Values (3,83,"2023-01-01","2099-12-31");
insert into gta_Contrats (idCentre,idUtilisateur,dateDebutContrat,dateFinContrat) Values (15,84,"2023-01-01","2099-12-31");
insert into gta_Contrats (idCentre,idUtilisateur,dateDebutContrat,dateFinContrat) Values (3,85,"2023-01-01","2099-12-31");
insert into gta_Contrats (idCentre,idUtilisateur,dateDebutContrat,dateFinContrat) Values (3,86,"2023-01-01","2099-12-31");
insert into gta_Contrats (idCentre,idUtilisateur,dateDebutContrat,dateFinContrat) Values (21,87,"2023-01-01","2099-12-31");
insert into gta_Contrats (idCentre,idUtilisateur,dateDebutContrat,dateFinContrat) Values (3,88,"2023-01-01","2099-12-31");
insert into gta_Contrats (idCentre,idUtilisateur,dateDebutContrat,dateFinContrat) Values (21,89,"2023-01-01","2099-12-31");
insert into gta_Contrats (idCentre,idUtilisateur,dateDebutContrat,dateFinContrat) Values (3,90,"2023-01-01","2099-12-31");
insert into gta_Contrats (idCentre,idUtilisateur,dateDebutContrat,dateFinContrat) Values (3,91,"2023-01-01","2099-12-31");
insert into gta_Contrats (idCentre,idUtilisateur,dateDebutContrat,dateFinContrat) Values (15,92,"2023-01-01","2099-12-31");
insert into gta_Contrats (idCentre,idUtilisateur,dateDebutContrat,dateFinContrat) Values (15,93,"2023-01-01","2099-12-31");
insert into gta_Contrats (idCentre,idUtilisateur,dateDebutContrat,dateFinContrat) Values (3,94,"2023-01-01","2099-12-31");
insert into gta_Contrats (idCentre,idUtilisateur,dateDebutContrat,dateFinContrat) Values (15,95,"2023-01-01","2099-12-31");
insert into gta_Contrats (idCentre,idUtilisateur,dateDebutContrat,dateFinContrat) Values (15,96,"2023-01-01","2099-12-31");
insert into gta_Contrats (idCentre,idUtilisateur,dateDebutContrat,dateFinContrat) Values (3,97,"2023-01-01","2099-12-31");


insert into gta_Preferences (`idPreference`, `idMotif`, `idPrestation`, `idProjet`, `idUO`, `idUtilisateur`, `idTypePrestation`) VALUES (null,null,1,null,null,1,1);
insert into gta_Preferences (`idPreference`, `idMotif`, `idPrestation`, `idProjet`, `idUO`, `idUtilisateur`, `idTypePrestation`) VALUES (null,null,1,null,null,2,1);
insert into gta_Preferences (`idPreference`, `idMotif`, `idPrestation`, `idProjet`, `idUO`, `idUtilisateur`, `idTypePrestation`) VALUES (null,null,1,null,null,3,1);
insert into gta_Preferences (`idPreference`, `idMotif`, `idPrestation`, `idProjet`, `idUO`, `idUtilisateur`, `idTypePrestation`) VALUES (null,null,1,null,null,4,1);
insert into gta_Preferences (`idPreference`, `idMotif`, `idPrestation`, `idProjet`, `idUO`, `idUtilisateur`, `idTypePrestation`) VALUES (null,null,1,null,null,5,1);
insert into gta_Preferences (`idPreference`, `idMotif`, `idPrestation`, `idProjet`, `idUO`, `idUtilisateur`, `idTypePrestation`) VALUES (null,null,1,null,null,6,1);
insert into gta_Preferences (`idPreference`, `idMotif`, `idPrestation`, `idProjet`, `idUO`, `idUtilisateur`, `idTypePrestation`) VALUES (null,null,1,null,null,7,1);
insert into gta_Preferences (`idPreference`, `idMotif`, `idPrestation`, `idProjet`, `idUO`, `idUtilisateur`, `idTypePrestation`) VALUES (null,null,1,null,null,8,1);
insert into gta_Preferences (`idPreference`, `idMotif`, `idPrestation`, `idProjet`, `idUO`, `idUtilisateur`, `idTypePrestation`) VALUES (null,null,1,null,null,9,1);
insert into gta_Preferences (`idPreference`, `idMotif`, `idPrestation`, `idProjet`, `idUO`, `idUtilisateur`, `idTypePrestation`) VALUES (null,null,1,null,null,10,1);
insert into gta_Preferences (`idPreference`, `idMotif`, `idPrestation`, `idProjet`, `idUO`, `idUtilisateur`, `idTypePrestation`) VALUES (null,null,1,null,null,11,1);
insert into gta_Preferences (`idPreference`, `idMotif`, `idPrestation`, `idProjet`, `idUO`, `idUtilisateur`, `idTypePrestation`) VALUES (null,null,1,null,null,12,1);
insert into gta_Preferences (`idPreference`, `idMotif`, `idPrestation`, `idProjet`, `idUO`, `idUtilisateur`, `idTypePrestation`) VALUES (null,null,1,null,null,13,1);
insert into gta_Preferences (`idPreference`, `idMotif`, `idPrestation`, `idProjet`, `idUO`, `idUtilisateur`, `idTypePrestation`) VALUES (null,null,1,null,null,14,1);
insert into gta_Preferences (`idPreference`, `idMotif`, `idPrestation`, `idProjet`, `idUO`, `idUtilisateur`, `idTypePrestation`) VALUES (null,null,1,null,null,15,1);
insert into gta_Preferences (`idPreference`, `idMotif`, `idPrestation`, `idProjet`, `idUO`, `idUtilisateur`, `idTypePrestation`) VALUES (null,null,1,null,null,16,1);
insert into gta_Preferences (`idPreference`, `idMotif`, `idPrestation`, `idProjet`, `idUO`, `idUtilisateur`, `idTypePrestation`) VALUES (null,null,1,null,null,17,1);
insert into gta_Preferences (`idPreference`, `idMotif`, `idPrestation`, `idProjet`, `idUO`, `idUtilisateur`, `idTypePrestation`) VALUES (null,null,1,null,null,18,1);
insert into gta_Preferences (`idPreference`, `idMotif`, `idPrestation`, `idProjet`, `idUO`, `idUtilisateur`, `idTypePrestation`) VALUES (null,null,1,null,null,19,1);
insert into gta_Preferences (`idPreference`, `idMotif`, `idPrestation`, `idProjet`, `idUO`, `idUtilisateur`, `idTypePrestation`) VALUES (null,null,1,null,null,20,1);
insert into gta_Preferences (`idPreference`, `idMotif`, `idPrestation`, `idProjet`, `idUO`, `idUtilisateur`, `idTypePrestation`) VALUES (null,null,1,null,null,21,1);
insert into gta_Preferences (`idPreference`, `idMotif`, `idPrestation`, `idProjet`, `idUO`, `idUtilisateur`, `idTypePrestation`) VALUES (null,null,1,null,null,22,1);
insert into gta_Preferences (`idPreference`, `idMotif`, `idPrestation`, `idProjet`, `idUO`, `idUtilisateur`, `idTypePrestation`) VALUES (null,null,1,null,null,23,1);
insert into gta_Preferences (`idPreference`, `idMotif`, `idPrestation`, `idProjet`, `idUO`, `idUtilisateur`, `idTypePrestation`) VALUES (null,null,1,null,null,24,1);
insert into gta_Preferences (`idPreference`, `idMotif`, `idPrestation`, `idProjet`, `idUO`, `idUtilisateur`, `idTypePrestation`) VALUES (null,null,1,null,null,25,1);
insert into gta_Preferences (`idPreference`, `idMotif`, `idPrestation`, `idProjet`, `idUO`, `idUtilisateur`, `idTypePrestation`) VALUES (null,null,1,null,null,26,1);
insert into gta_Preferences (`idPreference`, `idMotif`, `idPrestation`, `idProjet`, `idUO`, `idUtilisateur`, `idTypePrestation`) VALUES (null,null,1,null,null,27,1);
insert into gta_Preferences (`idPreference`, `idMotif`, `idPrestation`, `idProjet`, `idUO`, `idUtilisateur`, `idTypePrestation`) VALUES (null,null,1,null,null,28,1);
insert into gta_Preferences (`idPreference`, `idMotif`, `idPrestation`, `idProjet`, `idUO`, `idUtilisateur`, `idTypePrestation`) VALUES (null,null,1,null,null,29,1);
insert into gta_Preferences (`idPreference`, `idMotif`, `idPrestation`, `idProjet`, `idUO`, `idUtilisateur`, `idTypePrestation`) VALUES (null,null,1,null,null,30,1);
insert into gta_Preferences (`idPreference`, `idMotif`, `idPrestation`, `idProjet`, `idUO`, `idUtilisateur`, `idTypePrestation`) VALUES (null,null,1,null,null,31,1);
insert into gta_Preferences (`idPreference`, `idMotif`, `idPrestation`, `idProjet`, `idUO`, `idUtilisateur`, `idTypePrestation`) VALUES (null,null,1,null,null,32,1);
insert into gta_Preferences (`idPreference`, `idMotif`, `idPrestation`, `idProjet`, `idUO`, `idUtilisateur`, `idTypePrestation`) VALUES (null,null,1,null,null,33,1);
insert into gta_Preferences (`idPreference`, `idMotif`, `idPrestation`, `idProjet`, `idUO`, `idUtilisateur`, `idTypePrestation`) VALUES (null,null,1,null,null,34,1);
insert into gta_Preferences (`idPreference`, `idMotif`, `idPrestation`, `idProjet`, `idUO`, `idUtilisateur`, `idTypePrestation`) VALUES (null,null,1,null,null,35,1);
insert into gta_Preferences (`idPreference`, `idMotif`, `idPrestation`, `idProjet`, `idUO`, `idUtilisateur`, `idTypePrestation`) VALUES (null,null,1,null,null,36,1);
insert into gta_Preferences (`idPreference`, `idMotif`, `idPrestation`, `idProjet`, `idUO`, `idUtilisateur`, `idTypePrestation`) VALUES (null,null,1,null,null,37,1);
insert into gta_Preferences (`idPreference`, `idMotif`, `idPrestation`, `idProjet`, `idUO`, `idUtilisateur`, `idTypePrestation`) VALUES (null,null,1,null,null,38,1);
insert into gta_Preferences (`idPreference`, `idMotif`, `idPrestation`, `idProjet`, `idUO`, `idUtilisateur`, `idTypePrestation`) VALUES (null,null,1,null,null,39,1);
insert into gta_Preferences (`idPreference`, `idMotif`, `idPrestation`, `idProjet`, `idUO`, `idUtilisateur`, `idTypePrestation`) VALUES (null,null,1,null,null,40,1);
insert into gta_Preferences (`idPreference`, `idMotif`, `idPrestation`, `idProjet`, `idUO`, `idUtilisateur`, `idTypePrestation`) VALUES (null,null,1,null,null,41,1);
insert into gta_Preferences (`idPreference`, `idMotif`, `idPrestation`, `idProjet`, `idUO`, `idUtilisateur`, `idTypePrestation`) VALUES (null,null,1,null,null,42,1);
insert into gta_Preferences (`idPreference`, `idMotif`, `idPrestation`, `idProjet`, `idUO`, `idUtilisateur`, `idTypePrestation`) VALUES (null,null,1,null,null,43,1);
insert into gta_Preferences (`idPreference`, `idMotif`, `idPrestation`, `idProjet`, `idUO`, `idUtilisateur`, `idTypePrestation`) VALUES (null,null,1,null,null,44,1);
insert into gta_Preferences (`idPreference`, `idMotif`, `idPrestation`, `idProjet`, `idUO`, `idUtilisateur`, `idTypePrestation`) VALUES (null,null,1,null,null,45,1);
insert into gta_Preferences (`idPreference`, `idMotif`, `idPrestation`, `idProjet`, `idUO`, `idUtilisateur`, `idTypePrestation`) VALUES (null,null,1,null,null,46,1);
insert into gta_Preferences (`idPreference`, `idMotif`, `idPrestation`, `idProjet`, `idUO`, `idUtilisateur`, `idTypePrestation`) VALUES (null,null,1,null,null,47,1);
insert into gta_Preferences (`idPreference`, `idMotif`, `idPrestation`, `idProjet`, `idUO`, `idUtilisateur`, `idTypePrestation`) VALUES (null,null,1,null,null,48,1);
insert into gta_Preferences (`idPreference`, `idMotif`, `idPrestation`, `idProjet`, `idUO`, `idUtilisateur`, `idTypePrestation`) VALUES (null,null,1,null,null,49,1);
insert into gta_Preferences (`idPreference`, `idMotif`, `idPrestation`, `idProjet`, `idUO`, `idUtilisateur`, `idTypePrestation`) VALUES (null,null,1,null,null,50,1);
insert into gta_Preferences (`idPreference`, `idMotif`, `idPrestation`, `idProjet`, `idUO`, `idUtilisateur`, `idTypePrestation`) VALUES (null,null,1,null,null,51,1);
insert into gta_Preferences (`idPreference`, `idMotif`, `idPrestation`, `idProjet`, `idUO`, `idUtilisateur`, `idTypePrestation`) VALUES (null,null,1,null,null,52,1);
insert into gta_Preferences (`idPreference`, `idMotif`, `idPrestation`, `idProjet`, `idUO`, `idUtilisateur`, `idTypePrestation`) VALUES (null,null,1,null,null,53,1);
insert into gta_Preferences (`idPreference`, `idMotif`, `idPrestation`, `idProjet`, `idUO`, `idUtilisateur`, `idTypePrestation`) VALUES (null,null,1,null,null,54,1);
insert into gta_Preferences (`idPreference`, `idMotif`, `idPrestation`, `idProjet`, `idUO`, `idUtilisateur`, `idTypePrestation`) VALUES (null,null,1,null,null,55,1);
insert into gta_Preferences (`idPreference`, `idMotif`, `idPrestation`, `idProjet`, `idUO`, `idUtilisateur`, `idTypePrestation`) VALUES (null,null,1,null,null,56,1);
insert into gta_Preferences (`idPreference`, `idMotif`, `idPrestation`, `idProjet`, `idUO`, `idUtilisateur`, `idTypePrestation`) VALUES (null,null,1,null,null,57,1);
insert into gta_Preferences (`idPreference`, `idMotif`, `idPrestation`, `idProjet`, `idUO`, `idUtilisateur`, `idTypePrestation`) VALUES (null,null,1,null,null,58,1);
insert into gta_Preferences (`idPreference`, `idMotif`, `idPrestation`, `idProjet`, `idUO`, `idUtilisateur`, `idTypePrestation`) VALUES (null,null,1,null,null,59,1);
insert into gta_Preferences (`idPreference`, `idMotif`, `idPrestation`, `idProjet`, `idUO`, `idUtilisateur`, `idTypePrestation`) VALUES (null,null,1,null,null,60,1);
insert into gta_Preferences (`idPreference`, `idMotif`, `idPrestation`, `idProjet`, `idUO`, `idUtilisateur`, `idTypePrestation`) VALUES (null,null,1,null,null,61,1);
insert into gta_Preferences (`idPreference`, `idMotif`, `idPrestation`, `idProjet`, `idUO`, `idUtilisateur`, `idTypePrestation`) VALUES (null,null,1,null,null,62,1);
insert into gta_Preferences (`idPreference`, `idMotif`, `idPrestation`, `idProjet`, `idUO`, `idUtilisateur`, `idTypePrestation`) VALUES (null,null,1,null,null,63,1);
insert into gta_Preferences (`idPreference`, `idMotif`, `idPrestation`, `idProjet`, `idUO`, `idUtilisateur`, `idTypePrestation`) VALUES (null,null,1,null,null,64,1);
insert into gta_Preferences (`idPreference`, `idMotif`, `idPrestation`, `idProjet`, `idUO`, `idUtilisateur`, `idTypePrestation`) VALUES (null,null,1,null,null,65,1);
insert into gta_Preferences (`idPreference`, `idMotif`, `idPrestation`, `idProjet`, `idUO`, `idUtilisateur`, `idTypePrestation`) VALUES (null,null,1,null,null,66,1);
insert into gta_Preferences (`idPreference`, `idMotif`, `idPrestation`, `idProjet`, `idUO`, `idUtilisateur`, `idTypePrestation`) VALUES (null,null,1,null,null,67,1);
insert into gta_Preferences (`idPreference`, `idMotif`, `idPrestation`, `idProjet`, `idUO`, `idUtilisateur`, `idTypePrestation`) VALUES (null,null,1,null,null,68,1);
insert into gta_Preferences (`idPreference`, `idMotif`, `idPrestation`, `idProjet`, `idUO`, `idUtilisateur`, `idTypePrestation`) VALUES (null,null,1,null,null,69,1);
insert into gta_Preferences (`idPreference`, `idMotif`, `idPrestation`, `idProjet`, `idUO`, `idUtilisateur`, `idTypePrestation`) VALUES (null,null,1,null,null,70,1);
insert into gta_Preferences (`idPreference`, `idMotif`, `idPrestation`, `idProjet`, `idUO`, `idUtilisateur`, `idTypePrestation`) VALUES (null,null,1,null,null,71,1);
insert into gta_Preferences (`idPreference`, `idMotif`, `idPrestation`, `idProjet`, `idUO`, `idUtilisateur`, `idTypePrestation`) VALUES (null,null,1,null,null,72,1);
insert into gta_Preferences (`idPreference`, `idMotif`, `idPrestation`, `idProjet`, `idUO`, `idUtilisateur`, `idTypePrestation`) VALUES (null,null,1,null,null,73,1);
insert into gta_Preferences (`idPreference`, `idMotif`, `idPrestation`, `idProjet`, `idUO`, `idUtilisateur`, `idTypePrestation`) VALUES (null,null,1,null,null,74,1);
insert into gta_Preferences (`idPreference`, `idMotif`, `idPrestation`, `idProjet`, `idUO`, `idUtilisateur`, `idTypePrestation`) VALUES (null,null,1,null,null,75,1);
insert into gta_Preferences (`idPreference`, `idMotif`, `idPrestation`, `idProjet`, `idUO`, `idUtilisateur`, `idTypePrestation`) VALUES (null,null,1,null,null,76,1);
insert into gta_Preferences (`idPreference`, `idMotif`, `idPrestation`, `idProjet`, `idUO`, `idUtilisateur`, `idTypePrestation`) VALUES (null,null,1,null,null,77,1);
insert into gta_Preferences (`idPreference`, `idMotif`, `idPrestation`, `idProjet`, `idUO`, `idUtilisateur`, `idTypePrestation`) VALUES (null,null,1,null,null,78,1);
insert into gta_Preferences (`idPreference`, `idMotif`, `idPrestation`, `idProjet`, `idUO`, `idUtilisateur`, `idTypePrestation`) VALUES (null,null,1,null,null,79,1);
insert into gta_Preferences (`idPreference`, `idMotif`, `idPrestation`, `idProjet`, `idUO`, `idUtilisateur`, `idTypePrestation`) VALUES (null,null,1,null,null,80,1);
insert into gta_Preferences (`idPreference`, `idMotif`, `idPrestation`, `idProjet`, `idUO`, `idUtilisateur`, `idTypePrestation`) VALUES (null,null,1,null,null,81,1);
insert into gta_Preferences (`idPreference`, `idMotif`, `idPrestation`, `idProjet`, `idUO`, `idUtilisateur`, `idTypePrestation`) VALUES (null,null,1,null,null,82,1);
insert into gta_Preferences (`idPreference`, `idMotif`, `idPrestation`, `idProjet`, `idUO`, `idUtilisateur`, `idTypePrestation`) VALUES (null,null,1,null,null,83,1);
insert into gta_Preferences (`idPreference`, `idMotif`, `idPrestation`, `idProjet`, `idUO`, `idUtilisateur`, `idTypePrestation`) VALUES (null,null,1,null,null,84,1);
insert into gta_Preferences (`idPreference`, `idMotif`, `idPrestation`, `idProjet`, `idUO`, `idUtilisateur`, `idTypePrestation`) VALUES (null,null,1,null,null,85,1);
insert into gta_Preferences (`idPreference`, `idMotif`, `idPrestation`, `idProjet`, `idUO`, `idUtilisateur`, `idTypePrestation`) VALUES (null,null,1,null,null,86,1);
insert into gta_Preferences (`idPreference`, `idMotif`, `idPrestation`, `idProjet`, `idUO`, `idUtilisateur`, `idTypePrestation`) VALUES (null,null,1,null,null,87,1);
insert into gta_Preferences (`idPreference`, `idMotif`, `idPrestation`, `idProjet`, `idUO`, `idUtilisateur`, `idTypePrestation`) VALUES (null,null,1,null,null,88,1);
insert into gta_Preferences (`idPreference`, `idMotif`, `idPrestation`, `idProjet`, `idUO`, `idUtilisateur`, `idTypePrestation`) VALUES (null,null,1,null,null,89,1);
insert into gta_Preferences (`idPreference`, `idMotif`, `idPrestation`, `idProjet`, `idUO`, `idUtilisateur`, `idTypePrestation`) VALUES (null,null,1,null,null,90,1);
insert into gta_Preferences (`idPreference`, `idMotif`, `idPrestation`, `idProjet`, `idUO`, `idUtilisateur`, `idTypePrestation`) VALUES (null,null,1,null,null,91,1);
insert into gta_Preferences (`idPreference`, `idMotif`, `idPrestation`, `idProjet`, `idUO`, `idUtilisateur`, `idTypePrestation`) VALUES (null,null,1,null,null,92,1);
insert into gta_Preferences (`idPreference`, `idMotif`, `idPrestation`, `idProjet`, `idUO`, `idUtilisateur`, `idTypePrestation`) VALUES (null,null,1,null,null,93,1);
insert into gta_Preferences (`idPreference`, `idMotif`, `idPrestation`, `idProjet`, `idUO`, `idUtilisateur`, `idTypePrestation`) VALUES (null,null,1,null,null,94,1);
insert into gta_Preferences (`idPreference`, `idMotif`, `idPrestation`, `idProjet`, `idUO`, `idUtilisateur`, `idTypePrestation`) VALUES (null,null,1,null,null,95,1);
insert into gta_Preferences (`idPreference`, `idMotif`, `idPrestation`, `idProjet`, `idUO`, `idUtilisateur`, `idTypePrestation`) VALUES (null,null,1,null,null,96,1);
insert into gta_Preferences (`idPreference`, `idMotif`, `idPrestation`, `idProjet`, `idUO`, `idUtilisateur`, `idTypePrestation`) VALUES (null,null,1,null,null,97,1);
