USE GTA;

INSERT INTO `gta_Uos` (`idUo`,`numeroUo`,`libelleUo`)
VALUES
  (1,874,"purus"),
  (2,759,"Nam consequat dolor vitae dolor. Donec"),
  (3,763,"ultrices a, auctor non, feugiat nec,"),
  (4,832,"malesuada id, erat. Etiam vestibulum massa"),
  (5,516,"cubilia"),
  (6,829,"iaculis quis, pede. Praesent"),
  (7,859,"tellus non magna. Nam ligula"),
  (8,127,"lorem. Donec elementum, lorem ut"),
  (9,151,"elit pede, malesuada vel, venenatis"),
  (10,335,"Integer vitae nibh. Donec est mauris,"),
  (11,618,"Lorem ipsum dolor sit amet, consectetuer adipiscing"),
  (12,416,"ante blandit viverra. Donec tempus,"),
  (13,113,"elit. Aliquam auctor, velit"),
  (14,469,"urna. Vivamus molestie dapibus ligula."),
  (15,765,"penatibus et magnis"),
  (16,977,"accumsan"),
  (17,242,"dictum mi,"),
  (18,265,"vulputate, nisi sem semper erat,"),
  (19,558,"ante. Vivamus non lorem vitae odio"),
  (20,732,"cursus vestibulum. Mauris magna."),
  (21,696,"dui, semper et, lacinia vitae, sodales"),
  (22,263,"eget"),
  (23,400,"id nunc interdum feugiat. Sed nec metus"),
  (24,480,"ac orci. Ut semper pretium neque. Morbi"),
  (25,891,"urna, nec luctus felis"),
  (26,995,"in"),
  (27,241,"rutrum urna, nec luctus felis purus ac"),
  (28,539,"eu tempor erat"),
  (29,990,"faucibus lectus, a sollicitudin"),
  (30,805,"In at pede. Cras"),
  (31,519,"mi felis, adipiscing fringilla, porttitor vulputate,"),
  (32,863,"erat vitae risus. Duis a mi"),
  (33,955,"imperdiet ornare. In"),
  (34,616,"Sed congue, elit sed consequat auctor,"),
  (35,553,"feugiat placerat velit. Quisque varius. Nam"),
  (36,313,"nibh. Phasellus nulla. Integer vulputate, risus"),
  (37,560,"vulputate,"),
  (38,245,"ut nisi a odio semper cursus."),
  (39,523,"primis in faucibus orci luctus et ultrices"),
  (40,596,"et tristique pellentesque, tellus sem"),
  (41,629,"augue"),
  (42,569,"tincidunt, neque vitae"),
  (43,566,"dolor elit, pellentesque a, facilisis non,"),
  (44,136,"orci lacus"),
  (45,856,"dolor vitae dolor. Donec"),
  (46,597,"eu, ultrices sit amet, risus. Donec"),
  (47,389,"mattis. Cras eget"),
  (48,978,"nulla magna, malesuada vel, convallis in,"),
  (49,727,"faucibus id, libero. Donec"),
  (50,671,"lobortis ultrices. Vivamus");

INSERT INTO `gta_Utilisateurs` (`idUtilisateur`,`nomUtilisateur`,`mailUtilisateur`,`matriculeUtilisateur`,`passwordUtilisateur`,`idUo`,`idRole`,`idManager`)
VALUES
  (1,"Ainsley Matthews","ainsleymatthews@hotmail.ca","4024007152416","sociis",3,1,28),
  (2,"Seth Bird","sethbird@yahoo.edu","4821667765324","nec,",3,1,4),
  (3,"Stewart Whitfield","stewartwhitfield@outlook.com","4539565442149","lorem",2,1,2),
  (4,"Barrett Wynn","barrettwynn@hotmail.couk","4532868884539","enim,",3,1,31),
  (5,"Brody Lloyd","brodylloyd2035@icloud.couk","4532571328238","dictum.",2,3,22),
  (6,"Tucker Dale","tuckerdale9019@google.edu","4929385578653","ipsum",3,0,29),
  (7,"Rhiannon Mccarty","rhiannonmccarty@google.couk","4657552945880","sapien,",3,1,8),
  (8,"Yardley Stone","yardleystone8037@aol.ca","4929245758925","eu",2,2,36),
  (9,"Lois Browning","loisbrowning9495@outlook.ca","4485722327734","ligula.",4,2,19),
  (10,"Meghan Huber","meghanhuber497@outlook.com","4539675386467","velit.",3,2,33),
  (11,"Thane Herman","thaneherman@google.couk","4929657175139","nisl.",5,3,32),
  (12,"Abraham Wallace","abrahamwallace8191@protonmail.edu","4539824956376","Nulla",3,1,3),
  (13,"Kirk Mcknight","kirkmcknight7090@hotmail.couk","4716636564263","amet,",3,3,46),
  (14,"Josephine Cortez","josephinecortez9768@icloud.ca","4024007152929","odio.",5,1,47),
  (15,"Sage Robbins","sagerobbins@protonmail.ca","4485776348297","eu,",5,4,21),
  (16,"Leandra Quinn","leandraquinn5937@icloud.edu","4539576213372","euismod",3,2,18),
  (17,"Christopher Ware","christopherware@yahoo.edu","4024007174378","Donec",1,1,9),
  (18,"Willow Callahan","willowcallahan@hotmail.edu","4929675242275","Aliquam",2,0,44),
  (19,"Kamal Cooke","kamalcooke@yahoo.org","4929216763227","Quisque",2,3,16),
  (20,"Wesley Snow","wesleysnow5866@yahoo.org","4024007153778","parturient",2,4,32),
  (21,"Zenia Emerson","zeniaemerson7883@aol.org","4916481545322","ridiculus",4,3,30),
  (22,"Olga Hebert","olgahebert@aol.com","4532988774966","Aliquam",3,2,8),
  (23,"Maya Ford","mayaford3495@yahoo.ca","4916943265832","justo",4,3,8),
  (24,"Lionel Spencer","lionelspencer1482@protonmail.couk","4539292449656","pellentesque",1,3,48),
  (25,"Rigel Yates","rigelyates@aol.net","4024007132244","tellus",3,3,44),
  (26,"Meredith Schultz","meredithschultz@hotmail.net","4916219568836","tincidunt",4,3,47),
  (27,"Keane Torres","keanetorres2087@icloud.couk","4556774232673","vitae",2,0,26),
  (28,"Quail Castillo","quailcastillo@hotmail.ca","4539479132828","egestas",2,4,21),
  (29,"Jordan Marsh","jordanmarsh5560@hotmail.com","4916358473822","a",4,4,40),
  (30,"Steven Atkins","stevenatkins5626@yahoo.net","4556878576785","ac",3,3,4),
  (31,"Hammett Hays","hammetthays328@yahoo.org","4539522416350","urna",2,1,46),
  (32,"Mohammad Sanchez","mohammadsanchez3498@yahoo.org","4563634546151","enim.",5,1,31),
  (33,"Melodie Rogers","melodierogers1621@protonmail.edu","4556329288634","magna",2,3,19),
  (34,"Keane Hunter","keanehunter7523@aol.net","4532754515825","nisl",5,2,7),
  (35,"Vernon Hahn","vernonhahn@outlook.edu","4929334375144","lacinia",5,2,27),
  (36,"Addison Moses","addisonmoses6141@hotmail.edu","4916278675639","erat",4,1,41),
  (37,"Lara Salinas","larasalinas50@icloud.ca","4337571352679","ut",1,1,48),
  (38,"Isabelle Rios","isabellerios4876@yahoo.net","4024007122260","nisi",2,2,47),
  (39,"Clinton Mercado","clintonmercado@protonmail.ca","4716475299526","magna",2,4,11),
  (40,"Jena Ochoa","jenaochoa4123@google.com","4485535128972","placerat",2,3,14),
  (41,"Kieran Mccarty","kieranmccarty@outlook.ca","4539889363641","Phasellus",4,4,43),
  (42,"Aurora Bruce","aurorabruce9749@hotmail.com","4929659948855","aliquet",4,1,45),
  (43,"Ramona Harris","ramonaharris6957@yahoo.net","4575773338547","Phasellus",1,1,34),
  (44,"Quinn Ray","quinnray1595@hotmail.edu","4024007128887","urna.",2,1,35),
  (45,"Myra Bullock","myrabullock@hotmail.org","4539472472114","tellus,",4,1,27),
  (46,"Isaac Cardenas","isaaccardenas@protonmail.ca","4532676688932","vel",3,3,24),
  (47,"Pascale Madden","pascalemadden@outlook.ca","4485547937444","auctor,",4,4,47),
  (48,"Lysandra Calderon","lysandracalderon@yahoo.net","4716647332452","rhoncus.",3,4,31),
  (49,"Vaughan Richard","vaughanrichard@google.edu","4556697243849","eu",4,2,16),
  (50,"Noble Oliver","nobleoliver@icloud.com","4539971347916","magna.",4,3,15);


INSERT INTO `gta_Contrats` (`idContrat`,`idCentre`,`idUtilisateur`,`dateDebutContrat`,`dateFinContrat`)
VALUES
  (1,1,37,"2018-03-03","2019-07-09"),
  (2,1,44,"2018-07-10","2026-03-17"),
  (3,2,15,"2018-10-11","2019-05-06"),
  (4,2,13,"2018-07-05","2027-12-03"),
  (5,1,7,"2018-08-28","2022-08-06"),
  (6,1,38,"2018-07-05","2023-11-08"),
  (7,1,49,"2018-06-09","2020-02-16"),
  (8,1,13,"2018-10-10","2026-10-22"),
  (9,1,22,"2018-11-21","2024-06-05"),
  (10,2,28,"2018-05-05","2020-08-28"),
  (11,2,3,"2019-01-15","2020-12-04"),
  (12,2,49,"2018-12-03","2024-02-28"),
  (13,1,4,"2019-01-21","2024-01-02"),
  (14,1,10,"2018-03-28","2019-09-12"),
  (15,2,6,"2018-03-03","2020-10-25"),
  (16,1,35,"2018-11-04","2026-02-14"),
  (17,2,6,"2018-06-28","2027-05-27"),
  (18,1,40,"2018-05-23","2022-03-19"),
  (19,1,40,"2018-12-09","2020-05-13"),
  (20,2,2,"2018-03-17","2022-10-25"),
  (21,2,16,"2018-09-06","2026-11-11"),
  (22,1,41,"2018-05-14","2025-12-01"),
  (23,2,20,"2018-06-21","2022-01-29"),
  (24,2,16,"2018-10-13","2026-07-30"),
  (25,2,43,"2018-02-16","2023-10-15"),
  (26,1,36,"2018-02-25","2020-08-26"),
  (27,2,48,"2018-12-21","2027-08-20"),
  (28,2,17,"2018-08-21","2024-11-29"),
  (29,1,49,"2018-10-06","2019-05-05"),
  (30,2,18,"2018-02-04","2019-05-27"),
  (31,2,37,"2018-08-08","2021-04-11"),
  (32,2,41,"2018-09-26","2020-02-03"),
  (33,1,35,"2018-09-12","2024-06-08"),
  (34,1,44,"2018-09-17","2025-01-26"),
  (35,1,13,"2018-09-22","2019-04-08"),
  (36,1,25,"2018-04-16","2027-06-20"),
  (37,1,2,"2019-01-12","2027-03-02"),
  (38,1,13,"2018-08-20","2023-10-08"),
  (39,2,29,"2019-01-20","2025-08-19"),
  (40,2,40,"2018-12-13","2026-06-11"),
  (41,2,6,"2018-08-07","2022-09-19"),
  (42,1,17,"2019-01-08","2023-08-04"),
  (43,2,10,"2019-01-10","2021-07-24"),
  (44,1,44,"2018-10-13","2022-07-26"),
  (45,2,32,"2019-01-07","2026-06-02"),
  (46,2,9,"2018-05-18","2023-05-07"),
  (47,2,14,"2018-02-12","2026-07-01"),
  (48,1,29,"2019-01-09","2021-04-27"),
  (49,1,20,"2018-07-02","2019-10-01"),
  (50,1,19,"2018-03-16","2022-11-04");

INSERT INTO `gta_Prestations` (`idPrestation`,`codePrestation`,`libellePrestation`,`idActivite`)
VALUES
  (1,"44021","laoreet lectus quis massa. Mauris",1),
  (2,"92572","non enim commodo hendrerit. Donec",3),
  (3,"33646","est, congue a,",5),
  (4,"01415","erat semper rutrum. Fusce",4),
  (5,"15548","leo. Vivamus nibh dolor,",2),
  (6,"96447","interdum. Sed auctor odio a",3),
  (7,"37483","semper erat, in consectetuer",3),
  (8,"14115","dui, semper et, lacinia",5),
  (9,"78566","ornare tortor at risus. Nunc",3),
  (10,"87222","neque non quam. Pellentesque",3),
  (11,"34101","eros. Proin ultrices. Duis volutpat nunc",3),
  (12,"81561","faucibus ut, nulla. Cras eu tellus",1),
  (13,"65595","vulputate, lacus. Cras interdum. Nunc",5),
  (14,"81835","egestas, urna justo faucibus",4),
  (15,"88380","non, lacinia at, iaculis quis,",3),
  (16,"57358","Integer sem elit,",1),
  (17,"62425","Aliquam rutrum lorem ac risus.",1),
  (18,"58363","sem mollis dui, in",1),
  (19,"36260","quis diam. Pellentesque habitant morbi",2),
  (20,"23428","In ornare sagittis",2),
  (21,"64716","ante blandit viverra. Donec tempus,",1),
  (22,"68127","velit in aliquet lobortis,",4),
  (23,"86721","quam a felis ullamcorper viverra. Maecenas",2),
  (24,"94786","ornare, facilisis eget, ipsum. Donec",4),
  (25,"15444","at fringilla purus mauris a",2),
  (26,"47785","libero lacus, varius et,",3),
  (27,"61376","sit amet, faucibus ut, nulla.",2),
  (28,"70947","consequat nec, mollis vitae,",3),
  (29,"52234","Donec nibh enim, gravida",3),
  (30,"84334","diam at pretium aliquet, metus",2),
  (31,"61172","ligula. Aenean euismod mauris eu elit.",5),
  (32,"93153","metus facilisis lorem",3),
  (33,"71338","facilisis eget, ipsum.",4),
  (34,"16077","amet risus. Donec",1),
  (35,"75348","ac mattis velit justo",4),
  (36,"58577","convallis convallis dolor. Quisque tincidunt pede",2),
  (37,"55245","sed dolor. Fusce mi lorem, vehicula",2),
  (38,"35616","interdum ligula eu enim. Etiam",2),
  (39,"87994","non, cursus non, egestas",4),
  (40,"11724","scelerisque neque. Nullam nisl. Maecenas",5),
  (41,"36683","cursus in, hendrerit consectetuer, cursus",4),
  (42,"24151","enim consequat purus. Maecenas",2),
  (43,"75666","ac arcu. Nunc mauris. Morbi",1),
  (44,"85293","risus. Nulla eget metus eu",2),
  (45,"16264","Lorem ipsum dolor sit",2),
  (46,"62857","euismod urna. Nullam lobortis",4),
  (47,"90344","sollicitudin commodo ipsum. Suspendisse",1),
  (48,"81570","lectus pede, ultrices",2),
  (49,"32223","auctor quis, tristique ac, eleifend vitae,",3),
  (50,"35992","posuere vulputate, lacus. Cras",2);

INSERT INTO `gta_Activites` (`idActivite`,`libelleActivite`)
VALUES
  (1,"mauris id sapien. Cras dolor dolor,"),
  (2,"eu erat semper"),
  (3,"dis parturient montes,"),
  (4,"velit eu sem. Pellentesque ut"),
  (5,"enim. Etiam gravida molestie"),
  (6,"Aenean sed pede nec"),
  (7,"eu, placerat eget, venenatis"),
  (8,"urna. Nullam lobortis"),
  (9,"volutpat ornare, facilisis eget, ipsum. Donec"),
  (10,"eget, dictum placerat,");

INSERT INTO `gta_TypePrestations` (`idTypePrestation`,`numeroTypePrestation`,`libelleTypePrestation`,`motifRequis`,`uoRequis`,`projetRequis`)
VALUES
  (1,796,"in, dolor. Fusce feugiat.","0","0","0"),
  (2,694,"facilisis. Suspendisse commodo tincidunt","0","0","0"),
  (3,133,"et malesuada fames ac","1","0","1"),
  (4,393,"pede, nonummy ut, molestie in,","0","1","1"),
  (5,418,"Proin mi. Aliquam gravida","1","1","0"),
  (6,641,"at sem molestie sodales. Mauris","0","1","0"),
  (7,909,"Duis cursus, diam at pretium","1","0","0"),
  (8,990,"dis parturient montes, nascetur","1","1","0"),
  (9,743,"egestas nunc sed libero.","0","0","0"),
  (10,118,"scelerisque mollis. Phasellus libero mauris,","0","1","1"),
  (11,294,"augue. Sed molestie. Sed id","0","0","0"),
  (12,105,"nibh sit amet orci.","1","1","0"),
  (13,535,"Cras dictum ultricies ligula. Nullam enim.","0","0","1"),
  (14,839,"eu dui. Cum","1","1","0"),
  (15,942,"quam, elementum at,","0","0","0"),
  (16,325,"non, egestas a, dui.","1","0","1"),
  (17,716,"et malesuada fames ac turpis egestas.","0","1","0"),
  (18,501,"posuere at, velit. Cras lorem","0","1","1"),
  (19,254,"egestas. Fusce aliquet magna","0","1","1"),
  (20,311,"nisl. Nulla eu neque pellentesque massa","1","0","1"),
  (21,221,"nec urna et arcu imperdiet","0","0","1"),
  (22,937,"scelerisque mollis. Phasellus libero mauris,","0","0","0"),
  (23,268,"iaculis enim, sit","1","1","1"),
  (24,845,"eget, dictum placerat, augue.","1","1","0"),
  (25,620,"Sed diam lorem, auctor quis,","1","1","1"),
  (26,215,"elit fermentum risus,","0","1","0"),
  (27,910,"sed turpis nec mauris blandit","0","1","1"),
  (28,462,"augue scelerisque mollis. Phasellus libero","0","1","1"),
  (29,515,"vel quam dignissim","1","0","1"),
  (30,354,"diam. Sed diam lorem, auctor quis,","1","1","0");

INSERT INTO `gta_Pointages` (`idPointage`,`idMotif`,`idPrestation`,`idProjet`,`idUo`,`idUtilisateur`,`datePointage`,`validePointage`,`reportePointage`,`nbHeuresPointage`)
VALUES
  (1,2,5,3,9,24,"2022-01-09","1","0",4),
  (2,2,7,6,9,19,"2022-01-27","1","1",6),
  (3,5,5,3,6,47,"2022-01-26","0","1",8),
  (4,2,5,4,7,33,"2022-01-26","1","1",6),
  (5,4,7,2,6,5,"2022-01-03","0","0",1),
  (6,9,2,3,3,38,"2022-01-30","1","1",4),
  (7,9,5,3,9,1,"2022-01-09","1","1",7),
  (8,10,10,9,9,47,"2022-01-01","1","0",2),
  (9,3,6,6,7,15,"2022-01-31","0","0",2),
  (10,8,6,2,3,30,"2022-01-26","0","0",5),
  (11,3,6,3,7,21,"2022-01-26","0","0",6),
  (12,4,7,9,9,36,"2022-01-22","0","0",1),
  (13,5,7,5,1,13,"2022-01-18","1","1",3),
  (14,5,1,8,10,6,"2022-01-18","0","1",7),
  (15,9,6,2,9,3,"2022-01-25","0","0",4),
  (16,8,8,7,5,25,"2022-01-28","0","1",1),
  (17,9,9,5,8,4,"2022-01-12","1","0",5),
  (18,5,4,8,2,12,"2022-01-29","1","1",7),
  (19,7,5,4,7,13,"2022-01-28","0","0",1),
  (20,8,7,2,3,42,"2022-01-12","0","0",6),
  (21,6,4,2,8,13,"2022-01-20","1","0",7),
  (22,4,5,7,5,40,"2022-01-15","0","1",4),
  (23,3,5,5,7,31,"2022-01-22","0","1",3),
  (24,5,8,7,1,2,"2022-01-07","0","0",0),
  (25,10,6,1,3,14,"2022-01-28","0","0",4),
  (26,3,2,7,5,34,"2022-01-05","0","0",4),
  (27,2,4,2,5,21,"2022-01-04","0","0",0),
  (28,5,7,5,7,50,"2022-01-19","1","0",3),
  (29,3,4,2,1,36,"2022-01-29","1","0",2),
  (30,8,9,1,1,39,"2022-01-04","0","0",2),
  (31,8,5,2,1,1,"2022-01-16","1","1",1),
  (32,8,3,4,5,4,"2022-01-20","1","0",3),
  (33,2,3,3,5,38,"2022-01-16","1","0",5),
  (34,8,9,5,3,32,"2022-01-07","1","1",3),
  (35,6,4,4,3,36,"2022-01-20","0","0",0),
  (36,5,8,5,9,50,"2022-01-02","0","0",2),
  (37,7,2,3,5,18,"2022-01-16","0","0",1),
  (38,5,9,3,2,3,"2022-01-20","1","1",7),
  (39,5,3,5,7,2,"2022-01-06","1","1",7),
  (40,8,6,6,6,42,"2022-01-02","1","1",2),
  (41,2,1,6,7,27,"2022-01-16","0","1",5),
  (42,10,9,7,2,32,"2022-01-20","0","1",6),
  (43,3,8,4,8,27,"2022-01-14","0","0",1),
  (44,2,8,3,5,46,"2022-01-13","1","1",8),
  (45,8,3,8,7,49,"2022-01-14","0","1",3),
  (46,5,8,2,5,3,"2022-01-17","0","0",6),
  (47,8,4,10,5,31,"2022-01-02","1","1",0),
  (48,4,3,10,6,32,"2022-01-04","0","0",7),
  (49,5,5,8,4,8,"2022-01-06","1","1",2),
  (50,2,8,9,9,48,"2022-01-10","0","1",2),
  (51,4,1,10,3,6,"2022-01-25","0","0",2),
  (52,3,8,6,7,4,"2022-01-23","0","1",0),
  (53,10,6,7,1,30,"2022-01-11","0","1",6),
  (54,8,3,2,4,42,"2022-01-08","1","0",8),
  (55,3,9,9,10,26,"2022-01-27","0","0",0),
  (56,5,5,6,10,16,"2022-01-04","0","0",7),
  (57,5,9,7,5,43,"2022-01-07","1","1",6),
  (58,6,5,10,2,26,"2022-01-14","0","1",5),
  (59,2,3,1,7,15,"2022-01-24","1","0",2),
  (60,4,4,8,7,49,"2022-01-15","0","0",1),
  (61,4,4,4,8,12,"2022-01-17","0","1",5),
  (62,3,2,5,5,47,"2022-01-18","1","1",1),
  (63,7,8,6,8,2,"2022-01-08","0","1",7),
  (64,5,9,9,10,35,"2022-01-07","0","0",3),
  (65,9,5,8,1,2,"2022-01-06","1","1",2),
  (66,3,5,8,9,20,"2022-01-10","1","1",3),
  (67,4,7,6,7,24,"2022-01-20","1","1",3),
  (68,2,6,6,6,20,"2022-01-22","0","0",7),
  (69,9,5,7,5,40,"2022-01-14","0","1",1),
  (70,5,1,10,3,42,"2022-01-30","1","1",8),
  (71,5,3,3,3,45,"2022-01-09","1","1",5),
  (72,7,10,9,7,48,"2022-01-02","0","1",1),
  (73,4,7,5,2,42,"2022-01-29","1","0",0),
  (74,3,4,8,4,5,"2022-01-22","0","1",1),
  (75,4,1,10,4,31,"2022-01-09","0","1",5),
  (76,9,10,1,9,36,"2022-01-09","1","1",5),
  (77,5,5,3,8,29,"2022-01-23","1","1",4),
  (78,7,5,5,9,2,"2022-01-16","0","1",1),
  (79,10,2,6,2,6,"2022-01-29","0","1",6),
  (80,2,8,6,4,5,"2022-01-26","0","0",2),
  (81,6,5,5,5,44,"2022-01-03","0","1",3),
  (82,9,7,3,5,11,"2022-01-01","1","1",4),
  (83,9,4,6,7,32,"2022-01-30","0","0",8),
  (84,6,7,10,2,28,"2022-01-19","1","0",7),
  (85,9,4,9,7,6,"2022-01-03","0","0",4),
  (86,4,4,6,4,19,"2022-01-14","0","1",1),
  (87,5,6,1,3,33,"2022-01-06","0","1",0),
  (88,7,8,2,5,21,"2022-01-13","0","1",6),
  (89,8,2,7,4,39,"2022-01-23","0","1",4),
  (90,6,6,3,8,30,"2022-01-17","1","0",2),
  (91,4,4,7,3,19,"2022-01-20","0","1",2),
  (92,10,5,7,1,43,"2022-01-08","0","1",4),
  (93,6,5,2,2,16,"2022-01-03","1","0",3),
  (94,9,9,1,3,16,"2022-01-13","1","0",2),
  (95,6,7,8,8,16,"2022-01-17","0","0",2),
  (96,7,6,9,9,35,"2022-01-09","1","1",5),
  (97,8,5,5,4,21,"2022-01-28","0","1",5),
  (98,2,7,2,7,33,"2022-01-19","1","0",8),
  (99,5,1,8,8,19,"2022-01-03","0","1",6),
  (100,8,9,6,8,26,"2022-01-03","1","0",3);

INSERT INTO `gta_Motifs` (`idMotif`,`codeMotif`,`libelleMotif`,`idTypePrestation`)
VALUES
  (1,"772","Cras eget nisi dictum",7),
  (2,"955","lorem, auctor quis, tristique",8),
  (3,"272","posuere, enim nisl elementum",7),
  (4,"709","dapibus rutrum,",2),
  (5,"897","magnis dis parturient",3),
  (6,"465","ut dolor dapibus",3),
  (7,"417","erat eget ipsum. Suspendisse",6),
  (8,"117","non nisi. Aenean eget metus.",3),
  (9,"471","risus. Nulla eget",5),
  (10,"222","placerat velit. Quisque",7),
  (11,"560","eget massa. Suspendisse",9),
  (12,"403","nec, euismod in,",4),
  (13,"568","Integer mollis. Integer",1),
  (14,"428","penatibus et magnis",5),
  (15,"118","dui. Cras pellentesque. Sed",5),
  (16,"346","Morbi quis urna.",3),
  (17,"927","ac mattis ornare, lectus ante",7),
  (18,"641","orci lobortis augue scelerisque",5),
  (19,"364","nulla. Cras",9),
  (20,"328","condimentum eget, volutpat",8);

INSERT INTO `gta_ActivitesParTypes` (`idActivitesParTypes`,`idTypePrestation`,`idActivite`)
VALUES
  (1,13,6),
  (2,19,2),
  (3,27,4),
  (4,25,6),
  (5,8,7),
  (6,15,8),
  (7,16,6),
  (8,8,3),
  (9,5,9),
  (10,26,1);

INSERT INTO `gta_centres` (`idCentre`, `nomCentre`, `villeCentre`, `numeroCentre`) VALUES
(1, 'Afpa Dunkerque', 'Dunkerque', 59011),
(2, 'Afpa Calais', 'Calais', 62040);

INSERT INTO `gta_preferences` (`idPreference`, `idPrestation`, `idUtilisateur`) VALUES
(1, 1, 1),
(2, 11, 1),
(3, 38, 14);

INSERT INTO `gta_roles` (`idRole`, `nomRole`) VALUES
(0, 'Non connecté'),
(1, 'Agent'),
(2, 'Manager'),
(3, 'Assistant(e)'),
(4, 'Admin');

INSERT INTO `gta_Projets` (`idProjet`,`codeProjet`,`libelleProjet`)
VALUES
  (1,"863","pellentesque a, facilisis non, bibendum"),
  (2,"471","taciti sociosqu ad"),
  (3,"575","sit amet risus. Donec"),
  (4,"992","tellus non"),
  (5,"772","Cras vulputate velit eu sem."),
  (6,"977","aliquam arcu. Aliquam ultrices"),
  (7,"493","Quisque purus"),
  (8,"940","enim. Etiam imperdiet"),
  (9,"876","mollis. Integer tincidunt"),
  (10,"154","at pede. Cras"),
  (11,"839","erat semper rutrum. Fusce"),
  (12,"574","pellentesque a,"),
  (13,"115","pellentesque a, facilisis non, bibendum"),
  (14,"478","Aliquam nec enim. Nunc"),
  (15,"216","nisi nibh lacinia"),
  (16,"451","gravida mauris ut"),
  (17,"188","Integer aliquam adipiscing"),
  (18,"221","lorem, sit amet"),
  (19,"724","risus a ultricies"),
  (20,"848","euismod mauris");
